ano_eleicao,nr_turno,nr_turno_str,codigo_uf,sg_uf,nm_uf,regiao,cand_partido_1,cand_partido_2,candidato_1,candidato_2,partido_1,partido_2,situacao_1,situacao_2,votos_1,votos_2,votos_total,perc_1,perc_2,diferenca_pp,diferenca_absoluta,qtd_elei_2022,perc_elei_2022,qtd_elei_2022_str,perc_elei_2022_str
2002,1,1º turno,12,AC,Acre,Região Norte,Lula (PT),José Serra (PSDB),Lula,José Serra,PT,PSDB,2º turno,2º turno,123.999,50.25,264.889,4681,1897,2784,73.749,588.433,"0,38%",A UF tem 588.433 eleitores em 2022,"Isso equivale a 0,38% dos eleitores do Brasil"
2002,2,2º turno,12,AC,Acre,Região Norte,Lula (PT),José Serra (PSDB),Lula,José Serra,PT,PSDB,Eleito,Não eleito,140.363,93.803,234.166,5994,4006,1988,46.56,588.433,"0,38%",A UF tem 588.433 eleitores em 2022,"Isso equivale a 0,38% dos eleitores do Brasil"
2006,1,1º turno,12,AC,Acre,Região Norte,Lula (PT),Geraldo Alckmin (PSDB),Lula,Geraldo Alckmin,PT,PSDB,2º turno,2º turno,133.221,161.889,312.606,4262,5179,-917,-28.668,588.433,"0,38%",A UF tem 588.433 eleitores em 2022,"Isso equivale a 0,38% dos eleitores do Brasil"
2006,2,2º turno,12,AC,Acre,Região Norte,Lula (PT),Geraldo Alckmin (PSDB),Lula,Geraldo Alckmin,PT,PSDB,Eleito,Não eleito,151.584,137.911,289.495,5236,4764,472,13.673,588.433,"0,38%",A UF tem 588.433 eleitores em 2022,"Isso equivale a 0,38% dos eleitores do Brasil"
2010,1,1º turno,12,AC,Acre,Região Norte,Dilma (PT),José Serra (PSDB),Dilma,José Serra,PT,PSDB,2º turno,2º turno,82.733,180.252,345.821,2392,5212,-282,-97.519,588.433,"0,38%",A UF tem 588.433 eleitores em 2022,"Isso equivale a 0,38% dos eleitores do Brasil"
2010,2,2º turno,12,AC,Acre,Região Norte,Dilma (PT),José Serra (PSDB),Dilma,José Serra,PT,PSDB,2º turno,2º turno,96.969,222.766,319.735,3033,6967,-3934,-125.797,588.433,"0,38%",A UF tem 588.433 eleitores em 2022,"Isso equivale a 0,38% dos eleitores do Brasil"
2014,1,1º turno,12,AC,Acre,Região Norte,Dilma (PT),Aécio Neves (PSDB),Dilma,Aécio Neves,PT,PSDB,2º turno,2º turno,111.641,116.109,399.135,2797,2909,-112,-4.468,588.433,"0,38%",A UF tem 588.433 eleitores em 2022,"Isso equivale a 0,38% dos eleitores do Brasil"
2014,2,2º turno,12,AC,Acre,Região Norte,Dilma (PT),Aécio Neves (PSDB),Dilma,Aécio Neves,PT,PSDB,Eleito,Não eleito,138.982,243.677,382.659,3632,6368,-2736,-104.695,588.433,"0,38%",A UF tem 588.433 eleitores em 2022,"Isso equivale a 0,38% dos eleitores do Brasil"
2018,1,1º turno,12,AC,Acre,Região Norte,Fernando Haddad (PT),Jair Bolsonaro (PSL),Fernando Haddad,Jair Bolsonaro,PT,PSL,2º turno,2º turno,78.17,262.508,421.778,1853,6224,-4371,-184.338,588.433,"0,38%",A UF tem 588.433 eleitores em 2022,"Isso equivale a 0,38% dos eleitores do Brasil"
2018,2,2º turno,12,AC,Acre,Região Norte,Fernando Haddad (PT),Jair Bolsonaro (PSL),Fernando Haddad,Jair Bolsonaro,PT,PSL,Não eleito,Eleito,86.977,294.899,381.876,2278,7722,-5444,-207.922,588.433,"0,38%",A UF tem 588.433 eleitores em 2022,"Isso equivale a 0,38% dos eleitores do Brasil"
2002,1,1º turno,27,AL,Alagoas,Região Nordeste,Lula (PT),José Serra (PSDB),Lula,José Serra,PT,PSDB,2º turno,2º turno,307.751,314.739,1.076.186,286,2925,-65,-6.988,2.325.656,"1,49%",A UF tem 2.325.656 eleitores em 2022,"Isso equivale a 1,49% dos eleitores do Brasil"
2002,2,2º turno,27,AL,Alagoas,Região Nordeste,Lula (PT),José Serra (PSDB),Lula,José Serra,PT,PSDB,Eleito,Não eleito,477.009,616.902,1.093.911,4361,5639,-1278,-139.893,2.325.656,"1,49%",A UF tem 2.325.656 eleitores em 2022,"Isso equivale a 1,49% dos eleitores do Brasil"
2006,1,1º turno,27,AL,Alagoas,Região Nordeste,Lula (PT),Geraldo Alckmin (PSDB),Lula,Geraldo Alckmin,PT,PSDB,2º turno,2º turno,625.162,506.722,1.340.715,4663,3779,884,118.44,2.325.656,"1,49%",A UF tem 2.325.656 eleitores em 2022,"Isso equivale a 1,49% dos eleitores do Brasil"
2006,2,2º turno,27,AL,Alagoas,Região Nordeste,Lula (PT),Geraldo Alckmin (PSDB),Lula,Geraldo Alckmin,PT,PSDB,Eleito,Não eleito,822.505,516.059,1.338.564,6145,3855,229,306.446,2.325.656,"1,49%",A UF tem 2.325.656 eleitores em 2022,"Isso equivale a 1,49% dos eleitores do Brasil"
2010,1,1º turno,27,AL,Alagoas,Região Nordeste,Dilma (PT),José Serra (PSDB),Dilma,José Serra,PT,PSDB,2º turno,2º turno,709.844,508.232,1.394.079,5092,3646,1446,201.612,2.325.656,"1,49%",A UF tem 2.325.656 eleitores em 2022,"Isso equivale a 1,49% dos eleitores do Brasil"
2010,2,2º turno,27,AL,Alagoas,Região Nordeste,Dilma (PT),José Serra (PSDB),Dilma,José Serra,PT,PSDB,2º turno,2º turno,737.236,637.368,1.374.604,5363,4637,726,99.868,2.325.656,"1,49%",A UF tem 2.325.656 eleitores em 2022,"Isso equivale a 1,49% dos eleitores do Brasil"
2014,1,1º turno,27,AL,Alagoas,Região Nordeste,Dilma (PT),Aécio Neves (PSDB),Dilma,Aécio Neves,PT,PSDB,2º turno,2º turno,703.809,311.83,1.409.536,4993,2212,2781,391.979,2.325.656,"1,49%",A UF tem 2.325.656 eleitores em 2022,"Isso equivale a 1,49% dos eleitores do Brasil"
2014,2,2º turno,27,AL,Alagoas,Região Nordeste,Dilma (PT),Aécio Neves (PSDB),Dilma,Aécio Neves,PT,PSDB,Eleito,Não eleito,941.445,574.322,1.515.767,6211,3789,2422,367.123,2.325.656,"1,49%",A UF tem 2.325.656 eleitores em 2022,"Isso equivale a 1,49% dos eleitores do Brasil"
2018,1,1º turno,27,AL,Alagoas,Região Nordeste,Fernando Haddad (PT),Jair Bolsonaro (PSL),Fernando Haddad,Jair Bolsonaro,PT,PSL,2º turno,2º turno,687.247,528.355,1.535.746,4475,344,1035,158.892,2.325.656,"1,49%",A UF tem 2.325.656 eleitores em 2022,"Isso equivale a 1,49% dos eleitores do Brasil"
2018,2,2º turno,27,AL,Alagoas,Região Nordeste,Fernando Haddad (PT),Jair Bolsonaro (PSL),Fernando Haddad,Jair Bolsonaro,PT,PSL,Não eleito,Eleito,912.034,610.093,1.522.127,5992,4008,1984,301.941,2.325.656,"1,49%",A UF tem 2.325.656 eleitores em 2022,"Isso equivale a 1,49% dos eleitores do Brasil"
2002,1,1º turno,13,AM,Amazonas,Região Norte,Lula (PT),José Serra (PSDB),Lula,José Serra,PT,PSDB,2º turno,2º turno,530.246,166.145,1.111.042,4773,1495,3278,364.101,2.647.748,"1,69%",A UF tem 2.647.748 eleitores em 2022,"Isso equivale a 1,69% dos eleitores do Brasil"
2002,2,2º turno,13,AM,Amazonas,Região Norte,Lula (PT),José Serra (PSDB),Lula,José Serra,PT,PSDB,Eleito,Não eleito,722.034,311.175,1.033.209,6988,3012,3976,410.859,2.647.748,"1,69%",A UF tem 2.647.748 eleitores em 2022,"Isso equivale a 1,69% dos eleitores do Brasil"
2006,1,1º turno,13,AM,Amazonas,Região Norte,Lula (PT),Geraldo Alckmin (PSDB),Lula,Geraldo Alckmin,PT,PSDB,2º turno,2º turno,1.070.656,170.785,1.371.508,7806,1245,6561,899.871,2.647.748,"1,69%",A UF tem 2.647.748 eleitores em 2022,"Isso equivale a 1,69% dos eleitores do Brasil"
2006,2,2º turno,13,AM,Amazonas,Região Norte,Lula (PT),Geraldo Alckmin (PSDB),Lula,Geraldo Alckmin,PT,PSDB,Eleito,Não eleito,1.159.709,176.338,1.336.047,868,132,736,983.371,2.647.748,"1,69%",A UF tem 2.647.748 eleitores em 2022,"Isso equivale a 1,69% dos eleitores do Brasil"
2010,1,1º turno,13,AM,Amazonas,Região Norte,Dilma (PT),José Serra (PSDB),Dilma,José Serra,PT,PSDB,2º turno,2º turno,991.128,129.19,1.525.174,6498,847,5651,861.938,2.647.748,"1,69%",A UF tem 2.647.748 eleitores em 2022,"Isso equivale a 1,69% dos eleitores do Brasil"
2010,2,2º turno,13,AM,Amazonas,Região Norte,Dilma (PT),José Serra (PSDB),Dilma,José Serra,PT,PSDB,2º turno,2º turno,1.141.607,275.333,1.416.940,8057,1943,6114,866.274,2.647.748,"1,69%",A UF tem 2.647.748 eleitores em 2022,"Isso equivale a 1,69% dos eleitores do Brasil"
2014,1,1º turno,13,AM,Amazonas,Região Norte,Dilma (PT),Aécio Neves (PSDB),Dilma,Aécio Neves,PT,PSDB,2º turno,2º turno,915.299,326.257,1.679.115,5451,1943,3508,589.042,2.647.748,"1,69%",A UF tem 2.647.748 eleitores em 2022,"Isso equivale a 1,69% dos eleitores do Brasil"
2014,2,2º turno,13,AM,Amazonas,Região Norte,Dilma (PT),Aécio Neves (PSDB),Dilma,Aécio Neves,PT,PSDB,Eleito,Não eleito,1.033.457,556.545,1.590.002,65,35,30,476.912,2.647.748,"1,69%",A UF tem 2.647.748 eleitores em 2022,"Isso equivale a 1,69% dos eleitores do Brasil"
2018,1,1º turno,13,AM,Amazonas,Região Norte,Fernando Haddad (PT),Jair Bolsonaro (PSL),Fernando Haddad,Jair Bolsonaro,PT,PSL,2º turno,2º turno,746.998,805.902,1.853.591,403,4348,-318,-58.904,2.647.748,"1,69%",A UF tem 2.647.748 eleitores em 2022,"Isso equivale a 1,69% dos eleitores do Brasil"
2018,2,2º turno,13,AM,Amazonas,Região Norte,Fernando Haddad (PT),Jair Bolsonaro (PSL),Fernando Haddad,Jair Bolsonaro,PT,PSL,Não eleito,Eleito,875.845,885.401,1.761.246,4973,5027,-54,-9.556,2.647.748,"1,69%",A UF tem 2.647.748 eleitores em 2022,"Isso equivale a 1,69% dos eleitores do Brasil"
2002,1,1º turno,16,AP,Amapá,Região Norte,Lula (PT),José Serra (PSDB),Lula,José Serra,PT,PSDB,2º turno,2º turno,116.507,20.537,233.273,4994,88,4114,95.97,550.687,"0,35%",A UF tem 550.687 eleitores em 2022,"Isso equivale a 0,35% dos eleitores do Brasil"
2002,2,2º turno,16,AP,Amapá,Região Norte,Lula (PT),José Serra (PSDB),Lula,José Serra,PT,PSDB,Eleito,Não eleito,171.85,55.723,227.573,7551,2449,5102,116.127,550.687,"0,35%",A UF tem 550.687 eleitores em 2022,"Isso equivale a 0,35% dos eleitores do Brasil"
2006,1,1º turno,16,AP,Amapá,Região Norte,Lula (PT),Geraldo Alckmin (PSDB),Lula,Geraldo Alckmin,PT,PSDB,2º turno,2º turno,160.675,95.07,295.379,544,3219,2221,65.605,550.687,"0,35%",A UF tem 550.687 eleitores em 2022,"Isso equivale a 0,35% dos eleitores do Brasil"
2006,2,2º turno,16,AP,Amapá,Região Norte,Lula (PT),Geraldo Alckmin (PSDB),Lula,Geraldo Alckmin,PT,PSDB,Eleito,Não eleito,191.698,80.601,272.299,704,296,408,111.097,550.687,"0,35%",A UF tem 550.687 eleitores em 2022,"Isso equivale a 0,35% dos eleitores do Brasil"
2010,1,1º turno,16,AP,Amapá,Região Norte,Dilma (PT),José Serra (PSDB),Dilma,José Serra,PT,PSDB,2º turno,2º turno,161.443,72.774,340.74,4738,2136,2602,88.669,550.687,"0,35%",A UF tem 550.687 eleitores em 2022,"Isso equivale a 0,35% dos eleitores do Brasil"
2010,2,2º turno,16,AP,Amapá,Região Norte,Dilma (PT),José Serra (PSDB),Dilma,José Serra,PT,PSDB,2º turno,2º turno,198.644,118.36,317.004,6266,3734,2532,80.284,550.687,"0,35%",A UF tem 550.687 eleitores em 2022,"Isso equivale a 0,35% dos eleitores do Brasil"
2014,1,1º turno,16,AP,Amapá,Região Norte,Dilma (PT),Aécio Neves (PSDB),Dilma,Aécio Neves,PT,PSDB,2º turno,2º turno,199.016,99.125,389.599,5108,2544,2564,99.891,550.687,"0,35%",A UF tem 550.687 eleitores em 2022,"Isso equivale a 0,35% dos eleitores do Brasil"
2014,2,2º turno,16,AP,Amapá,Região Norte,Dilma (PT),Aécio Neves (PSDB),Dilma,Aécio Neves,PT,PSDB,Eleito,Não eleito,227.509,142.78,370.289,6144,3856,2288,84.729,550.687,"0,35%",A UF tem 550.687 eleitores em 2022,"Isso equivale a 0,35% dos eleitores do Brasil"
2018,1,1º turno,16,AP,Amapá,Região Norte,Fernando Haddad (PT),Jair Bolsonaro (PSL),Fernando Haddad,Jair Bolsonaro,PT,PSL,2º turno,2º turno,134.287,166.935,409.757,3277,4074,-797,-32.648,550.687,"0,35%",A UF tem 550.687 eleitores em 2022,"Isso equivale a 0,35% dos eleitores do Brasil"
2018,2,2º turno,16,AP,Amapá,Região Norte,Fernando Haddad (PT),Jair Bolsonaro (PSL),Fernando Haddad,Jair Bolsonaro,PT,PSL,Não eleito,Eleito,183.616,185.096,368.712,498,502,-4,-1.48,550.687,"0,35%",A UF tem 550.687 eleitores em 2022,"Isso equivale a 0,35% dos eleitores do Brasil"
2002,1,1º turno,29,BA,Bahia,Região Nordeste,Lula (PT),José Serra (PSDB),Lula,José Serra,PT,PSDB,2º turno,2º turno,2.899.280,884.291,5.245.047,5528,1686,3842,2.014.989,11.291.528,"7,22%",A UF tem 11.291.528 eleitores em 2022,"Isso equivale a 7,22% dos eleitores do Brasil"
2002,2,2º turno,29,BA,Bahia,Região Nordeste,Lula (PT),José Serra (PSDB),Lula,José Serra,PT,PSDB,Eleito,Não eleito,3.710.900,1.937.780,5.648.680,6569,3431,3138,1.773.120,11.291.528,"7,22%",A UF tem 11.291.528 eleitores em 2022,"Isso equivale a 7,22% dos eleitores do Brasil"
2006,1,1º turno,29,BA,Bahia,Região Nordeste,Lula (PT),Geraldo Alckmin (PSDB),Lula,Geraldo Alckmin,PT,PSDB,2º turno,2º turno,4.293.200,1.676.484,6.441.057,6665,2603,4062,2.616.716,11.291.528,"7,22%",A UF tem 11.291.528 eleitores em 2022,"Isso equivale a 7,22% dos eleitores do Brasil"
2006,2,2º turno,29,BA,Bahia,Região Nordeste,Lula (PT),Geraldo Alckmin (PSDB),Lula,Geraldo Alckmin,PT,PSDB,Eleito,Não eleito,5.188.314,1.456.417,6.644.731,7808,2192,5616,3.731.897,11.291.528,"7,22%",A UF tem 11.291.528 eleitores em 2022,"Isso equivale a 7,22% dos eleitores do Brasil"
2010,1,1º turno,29,BA,Bahia,Região Nordeste,Dilma (PT),José Serra (PSDB),Dilma,José Serra,PT,PSDB,2º turno,2º turno,4.188.099,1.403.153,6.687.901,6262,2098,4164,2.784.946,11.291.528,"7,22%",A UF tem 11.291.528 eleitores em 2022,"Isso equivale a 7,22% dos eleitores do Brasil"
2010,2,2º turno,29,BA,Bahia,Região Nordeste,Dilma (PT),José Serra (PSDB),Dilma,José Serra,PT,PSDB,2º turno,2º turno,4.737.079,1.948.584,6.685.663,7085,2915,417,2.788.495,11.291.528,"7,22%",A UF tem 11.291.528 eleitores em 2022,"Isso equivale a 7,22% dos eleitores do Brasil"
2014,1,1º turno,29,BA,Bahia,Região Nordeste,Dilma (PT),Aécio Neves (PSDB),Dilma,Aécio Neves,PT,PSDB,2º turno,2º turno,4.292.850,1.277.512,6.987.943,6143,1828,4315,3.015.338,11.291.528,"7,22%",A UF tem 11.291.528 eleitores em 2022,"Isso equivale a 7,22% dos eleitores do Brasil"
2014,2,2º turno,29,BA,Bahia,Região Nordeste,Dilma (PT),Aécio Neves (PSDB),Dilma,Aécio Neves,PT,PSDB,Eleito,Não eleito,5.059.860,2.153.111,7.212.971,7015,2985,403,2.906.749,11.291.528,"7,22%",A UF tem 11.291.528 eleitores em 2022,"Isso equivale a 7,22% dos eleitores do Brasil"
2018,1,1º turno,29,BA,Bahia,Região Nordeste,Fernando Haddad (PT),Jair Bolsonaro (PSL),Fernando Haddad,Jair Bolsonaro,PT,PSL,2º turno,2º turno,4.441.955,1.725.140,7.368.545,6028,2341,3687,2.716.815,11.291.528,"7,22%",A UF tem 11.291.528 eleitores em 2022,"Isso equivale a 7,22% dos eleitores do Brasil"
2018,2,2º turno,29,BA,Bahia,Região Nordeste,Fernando Haddad (PT),Jair Bolsonaro (PSL),Fernando Haddad,Jair Bolsonaro,PT,PSL,Não eleito,Eleito,5.484.901,2.060.382,7.545.283,7269,2731,4538,3.424.519,11.291.528,"7,22%",A UF tem 11.291.528 eleitores em 2022,"Isso equivale a 7,22% dos eleitores do Brasil"
2002,1,1º turno,-,BR,Brasil,-,Lula (PT),José Serra (PSDB),Lula,José Serra,PT,PSDB,2º turno,2º turno,39.436.640,19.695.227,84.915.378,4644,2319,2325,19.741.413,156.454.011,-,O Brasil tem 156.454.011 eleitores em 2022,-
2002,2,2º turno,-,BR,Brasil,-,Lula (PT),José Serra (PSDB),Lula,José Serra,PT,PSDB,Eleito,Não eleito,52.772.592,33.356.997,86.129.589,6127,3873,2254,19.415.595,156.454.011,-,O Brasil tem 156.454.011 eleitores em 2022,-
2006,1,1º turno,-,BR,Brasil,-,Lula (PT),Geraldo Alckmin (PSDB),Lula,Geraldo Alckmin,PT,PSDB,2º turno,2º turno,46.662.365,39.968.369,95.996.733,4861,4164,697,6.693.996,156.454.011,-,O Brasil tem 156.454.011 eleitores em 2022,-
2006,2,2º turno,-,BR,Brasil,-,Lula (PT),Geraldo Alckmin (PSDB),Lula,Geraldo Alckmin,PT,PSDB,Eleito,Não eleito,58.295.042,37.543.178,95.838.220,6083,3917,2166,20.751.864,156.454.011,-,O Brasil tem 156.454.011 eleitores em 2022,-
2010,1,1º turno,-,BR,Brasil,-,Dilma (PT),José Serra (PSDB),Dilma,José Serra,PT,PSDB,2º turno,2º turno,47.651.434,33.132.283,101.590.153,4691,3261,143,14.519.151,156.454.011,-,O Brasil tem 156.454.011 eleitores em 2022,-
2010,2,2º turno,-,BR,Brasil,-,Dilma (PT),José Serra (PSDB),Dilma,José Serra,PT,PSDB,Eleito,Não eleito,55.752.529,43.711.388,99.463.917,5605,4395,121,12.041.141,156.454.011,-,O Brasil tem 156.454.011 eleitores em 2022,-
2014,1,1º turno,-,BR,Brasil,-,Dilma (PT),Aécio Neves (PSDB),Dilma,Aécio Neves,PT,PSDB,2º turno,2º turno,43.267.668,34.897.211,104.023.802,4159,3355,804,8.370.457,156.454.011,-,O Brasil tem 156.454.011 eleitores em 2022,-
2014,2,2º turno,-,BR,Brasil,-,Dilma (PT),Aécio Neves (PSDB),Dilma,Aécio Neves,PT,PSDB,Eleito,Não eleito,54.501.118,51.041.155,105.542.273,5164,4836,328,3.459.963,156.454.011,-,O Brasil tem 156.454.011 eleitores em 2022,-
2018,1,1º turno,-,BR,Brasil,-,Fernando Haddad (PT),Jair Bolsonaro (PSL),Fernando Haddad,Jair Bolsonaro,PT,PSL,2º turno,2º turno,31.342.051,49.277.010,107.050.749,2928,4603,-1675,-17.934.959,156.454.011,-,O Brasil tem 156.454.011 eleitores em 2022,-
2018,2,2º turno,-,BR,Brasil,-,Fernando Haddad (PT),Jair Bolsonaro (PSL),Fernando Haddad,Jair Bolsonaro,PT,PSL,Não eleito,Eleito,47.040.906,57.797.847,104.838.753,4487,5513,-1026,-10.756.941,156.454.011,-,O Brasil tem 156.454.011 eleitores em 2022,-
2002,1,1º turno,23,CE,Ceará,Região Nordeste,Lula (PT),José Serra (PSDB),Lula,José Serra,PT,PSDB,2º turno,2º turno,1.353.339,293.425,3.438.374,3936,853,3083,1.059.914,6.820.673,"4,36%",A UF tem 6.820.673 eleitores em 2022,"Isso equivale a 4,36% dos eleitores do Brasil"
2002,2,2º turno,23,CE,Ceará,Região Nordeste,Lula (PT),José Serra (PSDB),Lula,José Serra,PT,PSDB,Eleito,Não eleito,2.497.143,981.609,3.478.752,7178,2822,4356,1.515.534,6.820.673,"4,36%",A UF tem 6.820.673 eleitores em 2022,"Isso equivale a 4,36% dos eleitores do Brasil"
2006,1,1º turno,23,CE,Ceará,Região Nordeste,Lula (PT),Geraldo Alckmin (PSDB),Lula,Geraldo Alckmin,PT,PSDB,2º turno,2º turno,2.852.895,912.726,4.005.498,7122,2279,4843,1.940.169,6.820.673,"4,36%",A UF tem 6.820.673 eleitores em 2022,"Isso equivale a 4,36% dos eleitores do Brasil"
2006,2,2º turno,23,CE,Ceará,Região Nordeste,Lula (PT),Geraldo Alckmin (PSDB),Lula,Geraldo Alckmin,PT,PSDB,Eleito,Não eleito,3.394.007,725.99,4.119.997,8238,1762,6476,2.668.017,6.820.673,"4,36%",A UF tem 6.820.673 eleitores em 2022,"Isso equivale a 4,36% dos eleitores do Brasil"
2010,1,1º turno,23,CE,Ceará,Região Nordeste,Dilma (PT),José Serra (PSDB),Dilma,José Serra,PT,PSDB,2º turno,2º turno,2.783.451,686.891,4.198.511,663,1636,4994,2.096.560,6.820.673,"4,36%",A UF tem 6.820.673 eleitores em 2022,"Isso equivale a 4,36% dos eleitores do Brasil"
2010,2,2º turno,23,CE,Ceará,Região Nordeste,Dilma (PT),José Serra (PSDB),Dilma,José Serra,PT,PSDB,2º turno,2º turno,3.288.570,962.729,4.251.299,7735,2265,547,2.325.841,6.820.673,"4,36%",A UF tem 6.820.673 eleitores em 2022,"Isso equivale a 4,36% dos eleitores do Brasil"
2014,1,1º turno,23,CE,Ceará,Região Nordeste,Dilma (PT),Aécio Neves (PSDB),Dilma,Aécio Neves,PT,PSDB,2º turno,2º turno,3.087.658,677.587,4.522.185,6828,1498,533,2.410.071,6.820.673,"4,36%",A UF tem 6.820.673 eleitores em 2022,"Isso equivale a 4,36% dos eleitores do Brasil"
2014,2,2º turno,23,CE,Ceará,Região Nordeste,Dilma (PT),Aécio Neves (PSDB),Dilma,Aécio Neves,PT,PSDB,Eleito,Não eleito,3.522.884,1.068.169,4.591.053,7673,2327,5346,2.454.715,6.820.673,"4,36%",A UF tem 6.820.673 eleitores em 2022,"Isso equivale a 4,36% dos eleitores do Brasil"
2018,1,1º turno,23,CE,Ceará,Região Nordeste,Fernando Haddad (PT),Jair Bolsonaro (PSL),Fernando Haddad,Jair Bolsonaro,PT,PSL,2º turno,2º turno,1.616.492,1.061.075,4.880.155,3312,2174,1138,555.417,6.820.673,"4,36%",A UF tem 6.820.673 eleitores em 2022,"Isso equivale a 4,36% dos eleitores do Brasil"
2018,2,2º turno,23,CE,Ceará,Região Nordeste,Fernando Haddad (PT),Jair Bolsonaro (PSL),Fernando Haddad,Jair Bolsonaro,PT,PSL,Não eleito,Eleito,3.407.526,1.384.591,4.792.117,7111,2889,4222,2.022.935,6.820.673,"4,36%",A UF tem 6.820.673 eleitores em 2022,"Isso equivale a 4,36% dos eleitores do Brasil"
2002,1,1º turno,53,DF,Distrito Federal,Região Centro-Oeste,Lula (PT),José Serra (PSDB),Lula,José Serra,PT,PSDB,2º turno,2º turno,592.977,202.41,1.208.415,4907,1675,3232,390.567,2.203.045,"1,41%",A UF tem 2.203.045 eleitores em 2022,"Isso equivale a 1,41% dos eleitores do Brasil"
2002,2,2º turno,53,DF,Distrito Federal,Região Centro-Oeste,Lula (PT),José Serra (PSDB),Lula,José Serra,PT,PSDB,Eleito,Não eleito,777.708,471.485,1.249.193,6226,3774,2452,306.223,2.203.045,"1,41%",A UF tem 2.203.045 eleitores em 2022,"Isso equivale a 1,41% dos eleitores do Brasil"
2006,1,1º turno,53,DF,Distrito Federal,Região Centro-Oeste,Lula (PT),Geraldo Alckmin (PSDB),Lula,Geraldo Alckmin,PT,PSDB,2º turno,2º turno,499.407,594.521,1.347.805,3705,4411,-706,-95.114,2.203.045,"1,41%",A UF tem 2.203.045 eleitores em 2022,"Isso equivale a 1,41% dos eleitores do Brasil"
2006,2,2º turno,53,DF,Distrito Federal,Região Centro-Oeste,Lula (PT),Geraldo Alckmin (PSDB),Lula,Geraldo Alckmin,PT,PSDB,Eleito,Não eleito,765.008,578.137,1.343.145,5696,4304,1392,186.871,2.203.045,"1,41%",A UF tem 2.203.045 eleitores em 2022,"Isso equivale a 1,41% dos eleitores do Brasil"
2010,1,1º turno,53,DF,Distrito Federal,Região Centro-Oeste,Dilma (PT),José Serra (PSDB),Dilma,José Serra,PT,PSDB,2º turno,2º turno,462.441,354.07,1.457.059,3174,243,744,108.371,2.203.045,"1,41%",A UF tem 2.203.045 eleitores em 2022,"Isso equivale a 1,41% dos eleitores do Brasil"
2010,2,2º turno,53,DF,Distrito Federal,Região Centro-Oeste,Dilma (PT),José Serra (PSDB),Dilma,José Serra,PT,PSDB,2º turno,2º turno,708.674,633.299,1.341.973,5281,4719,562,75.375,2.203.045,"1,41%",A UF tem 2.203.045 eleitores em 2022,"Isso equivale a 1,41% dos eleitores do Brasil"
2014,1,1º turno,53,DF,Distrito Federal,Região Centro-Oeste,Dilma (PT),Aécio Neves (PSDB),Dilma,Aécio Neves,PT,PSDB,2º turno,2º turno,363.861,570.494,1.579.692,2303,3611,-1308,-206.633,2.203.045,"1,41%",A UF tem 2.203.045 eleitores em 2022,"Isso equivale a 1,41% dos eleitores do Brasil"
2014,2,2º turno,53,DF,Distrito Federal,Região Centro-Oeste,Dilma (PT),Aécio Neves (PSDB),Dilma,Aécio Neves,PT,PSDB,Eleito,Não eleito,582.354,946.171,1.528.525,381,619,-238,-363.817,2.203.045,"1,41%",A UF tem 2.203.045 eleitores em 2022,"Isso equivale a 1,41% dos eleitores do Brasil"
2018,1,1º turno,53,DF,Distrito Federal,Região Centro-Oeste,Fernando Haddad (PT),Jair Bolsonaro (PSL),Fernando Haddad,Jair Bolsonaro,PT,PSL,2º turno,2º turno,190.508,936.494,1.604.517,1187,5837,-465,-745.986,2.203.045,"1,41%",A UF tem 2.203.045 eleitores em 2022,"Isso equivale a 1,41% dos eleitores do Brasil"
2018,2,2º turno,53,DF,Distrito Federal,Região Centro-Oeste,Fernando Haddad (PT),Jair Bolsonaro (PSL),Fernando Haddad,Jair Bolsonaro,PT,PSL,Não eleito,Eleito,463.34,1.080.411,1.543.751,3001,6999,-3998,-617.071,2.203.045,"1,41%",A UF tem 2.203.045 eleitores em 2022,"Isso equivale a 1,41% dos eleitores do Brasil"
2002,1,1º turno,32,ES,Espírito Santo,Região Sudeste,Lula (PT),José Serra (PSDB),Lula,José Serra,PT,PSDB,2º turno,2º turno,717.646,334.697,1.611.996,4452,2076,2376,382.949,2.921.506,"1,87%",A UF tem 2.921.506 eleitores em 2022,"Isso equivale a 1,87% dos eleitores do Brasil"
2002,2,2º turno,32,ES,Espírito Santo,Região Sudeste,Lula (PT),José Serra (PSDB),Lula,José Serra,PT,PSDB,Eleito,Não eleito,944.172,646.494,1.590.666,5936,4064,1872,297.678,2.921.506,"1,87%",A UF tem 2.921.506 eleitores em 2022,"Isso equivale a 1,87% dos eleitores do Brasil"
2006,1,1º turno,32,ES,Espírito Santo,Região Sudeste,Lula (PT),Geraldo Alckmin (PSDB),Lula,Geraldo Alckmin,PT,PSDB,2º turno,2º turno,953.609,668.792,1.800.394,5297,3715,1582,284.817,2.921.506,"1,87%",A UF tem 2.921.506 eleitores em 2022,"Isso equivale a 1,87% dos eleitores do Brasil"
2006,2,2º turno,32,ES,Espírito Santo,Região Sudeste,Lula (PT),Geraldo Alckmin (PSDB),Lula,Geraldo Alckmin,PT,PSDB,Eleito,Não eleito,1.190.459,625.852,1.816.311,6554,3446,3108,564.607,2.921.506,"1,87%",A UF tem 2.921.506 eleitores em 2022,"Isso equivale a 1,87% dos eleitores do Brasil"
2010,1,1º turno,32,ES,Espírito Santo,Região Sudeste,Dilma (PT),José Serra (PSDB),Dilma,José Serra,PT,PSDB,2º turno,2º turno,717.417,682.59,1.925.891,3725,3544,181,34.827,2.921.506,"1,87%",A UF tem 2.921.506 eleitores em 2022,"Isso equivale a 1,87% dos eleitores do Brasil"
2010,2,2º turno,32,ES,Espírito Santo,Região Sudeste,Dilma (PT),José Serra (PSDB),Dilma,José Serra,PT,PSDB,2º turno,2º turno,924.046,955.423,1.879.469,4917,5083,-166,-31.377,2.921.506,"1,87%",A UF tem 2.921.506 eleitores em 2022,"Isso equivale a 1,87% dos eleitores do Brasil"
2014,1,1º turno,32,ES,Espírito Santo,Região Sudeste,Dilma (PT),Aécio Neves (PSDB),Dilma,Aécio Neves,PT,PSDB,2º turno,2º turno,653.839,694.085,1.975.322,331,3514,-204,-40.246,2.921.506,"1,87%",A UF tem 2.921.506 eleitores em 2022,"Isso equivale a 1,87% dos eleitores do Brasil"
2014,2,2º turno,32,ES,Espírito Santo,Região Sudeste,Dilma (PT),Aécio Neves (PSDB),Dilma,Aécio Neves,PT,PSDB,Eleito,Não eleito,912.391,1.065.485,1.977.876,4613,5387,-774,-153.094,2.921.506,"1,87%",A UF tem 2.921.506 eleitores em 2022,"Isso equivale a 1,87% dos eleitores do Brasil"
2018,1,1º turno,32,ES,Espírito Santo,Região Sudeste,Fernando Haddad (PT),Jair Bolsonaro (PSL),Fernando Haddad,Jair Bolsonaro,PT,PSL,2º turno,2º turno,495.868,1.122.131,2.049.148,242,5476,-3056,-626.263,2.921.506,"1,87%",A UF tem 2.921.506 eleitores em 2022,"Isso equivale a 1,87% dos eleitores do Brasil"
2018,2,2º turno,32,ES,Espírito Santo,Região Sudeste,Fernando Haddad (PT),Jair Bolsonaro (PSL),Fernando Haddad,Jair Bolsonaro,PT,PSL,Não eleito,Eleito,747.768,1.276.611,2.024.379,3694,6306,-2612,-528.843,2.921.506,"1,87%",A UF tem 2.921.506 eleitores em 2022,"Isso equivale a 1,87% dos eleitores do Brasil"
2002,1,1º turno,52,GO,Goiás,Região Centro-Oeste,Lula (PT),José Serra (PSDB),Lula,José Serra,PT,PSDB,2º turno,2º turno,1.069.398,709.025,2.540.283,421,2791,1419,360.373,4.870.354,"3,11%",A UF tem 4.870.354 eleitores em 2022,"Isso equivale a 3,11% dos eleitores do Brasil"
2002,2,2º turno,52,GO,Goiás,Região Centro-Oeste,Lula (PT),José Serra (PSDB),Lula,José Serra,PT,PSDB,Eleito,Não eleito,1.424.236,1.071.070,2.495.306,5708,4292,1416,353.166,4.870.354,"3,11%",A UF tem 4.870.354 eleitores em 2022,"Isso equivale a 3,11% dos eleitores do Brasil"
2006,1,1º turno,52,GO,Goiás,Região Centro-Oeste,Lula (PT),Geraldo Alckmin (PSDB),Lula,Geraldo Alckmin,PT,PSDB,2º turno,2º turno,1.143.122,1.465.628,2.846.061,4017,515,-1133,-322.506,4.870.354,"3,11%",A UF tem 4.870.354 eleitores em 2022,"Isso equivale a 3,11% dos eleitores do Brasil"
2006,2,2º turno,52,GO,Goiás,Região Centro-Oeste,Lula (PT),Geraldo Alckmin (PSDB),Lula,Geraldo Alckmin,PT,PSDB,Eleito,Não eleito,1.485.280,1.226.011,2.711.291,5478,4522,956,259.269,4.870.354,"3,11%",A UF tem 4.870.354 eleitores em 2022,"Isso equivale a 3,11% dos eleitores do Brasil"
2010,1,1º turno,52,GO,Goiás,Região Centro-Oeste,Dilma (PT),José Serra (PSDB),Dilma,José Serra,PT,PSDB,2º turno,2º turno,1.301.985,1.217.203,3.082.793,4223,3948,275,84.782,4.870.354,"3,11%",A UF tem 4.870.354 eleitores em 2022,"Isso equivale a 3,11% dos eleitores do Brasil"
2010,2,2º turno,52,GO,Goiás,Região Centro-Oeste,Dilma (PT),José Serra (PSDB),Dilma,José Serra,PT,PSDB,2º turno,2º turno,1.446.178,1.490.368,2.936.546,4925,5075,-15,-44.19,4.870.354,"3,11%",A UF tem 4.870.354 eleitores em 2022,"Isso equivale a 3,11% dos eleitores do Brasil"
2014,1,1º turno,52,GO,Goiás,Região Centro-Oeste,Dilma (PT),Aécio Neves (PSDB),Dilma,Aécio Neves,PT,PSDB,2º turno,2º turno,1.035.911,1.341.320,3.228.160,3209,4155,-946,-305.409,4.870.354,"3,11%",A UF tem 4.870.354 eleitores em 2022,"Isso equivale a 3,11% dos eleitores do Brasil"
2014,2,2º turno,52,GO,Goiás,Região Centro-Oeste,Dilma (PT),Aécio Neves (PSDB),Dilma,Aécio Neves,PT,PSDB,Eleito,Não eleito,1.365.964,1.819.139,3.185.103,4289,5711,-1422,-453.175,4.870.354,"3,11%",A UF tem 4.870.354 eleitores em 2022,"Isso equivale a 3,11% dos eleitores do Brasil"
2018,1,1º turno,52,GO,Goiás,Região Centro-Oeste,Fernando Haddad (PT),Jair Bolsonaro (PSL),Fernando Haddad,Jair Bolsonaro,PT,PSL,2º turno,2º turno,713.535,1.868.686,3.264.789,2186,5724,-3538,-1.155.151,4.870.354,"3,11%",A UF tem 4.870.354 eleitores em 2022,"Isso equivale a 3,11% dos eleitores do Brasil"
2018,2,2º turno,52,GO,Goiás,Região Centro-Oeste,Fernando Haddad (PT),Jair Bolsonaro (PSL),Fernando Haddad,Jair Bolsonaro,PT,PSL,Não eleito,Eleito,1.118.060,2.124.739,3.242.799,3448,6552,-3104,-1.006.679,4.870.354,"3,11%",A UF tem 4.870.354 eleitores em 2022,"Isso equivale a 3,11% dos eleitores do Brasil"
2002,1,1º turno,21,MA,Maranhão,Região Nordeste,Lula (PT),José Serra (PSDB),Lula,José Serra,PT,PSDB,2º turno,2º turno,843.132,248.621,2.062.392,4088,1205,2883,594.511,5.042.999,"3,22%",A UF tem 5.042.999 eleitores em 2022,"Isso equivale a 3,22% dos eleitores do Brasil"
2002,2,2º turno,21,MA,Maranhão,Região Nordeste,Lula (PT),José Serra (PSDB),Lula,José Serra,PT,PSDB,Eleito,Não eleito,1.229.559,872.88,2.102.439,5848,4152,1696,356.679,5.042.999,"3,22%",A UF tem 5.042.999 eleitores em 2022,"Isso equivale a 3,22% dos eleitores do Brasil"
2006,1,1º turno,21,MA,Maranhão,Região Nordeste,Lula (PT),Geraldo Alckmin (PSDB),Lula,Geraldo Alckmin,PT,PSDB,2º turno,2º turno,2.128.103,530.164,2.818.598,755,1881,5669,1.597.939,5.042.999,"3,22%",A UF tem 5.042.999 eleitores em 2022,"Isso equivale a 3,22% dos eleitores do Brasil"
2006,2,2º turno,21,MA,Maranhão,Região Nordeste,Lula (PT),Geraldo Alckmin (PSDB),Lula,Geraldo Alckmin,PT,PSDB,Eleito,Não eleito,2.280.520,414.108,2.694.628,8463,1537,6926,1.866.412,5.042.999,"3,22%",A UF tem 5.042.999 eleitores em 2022,"Isso equivale a 3,22% dos eleitores do Brasil"
2010,1,1º turno,21,MA,Maranhão,Região Nordeste,Dilma (PT),José Serra (PSDB),Dilma,José Serra,PT,PSDB,2º turno,2º turno,2.079.650,444.145,2.943.779,7065,1509,5556,1.635.505,5.042.999,"3,22%",A UF tem 5.042.999 eleitores em 2022,"Isso equivale a 3,22% dos eleitores do Brasil"
2010,2,2º turno,21,MA,Maranhão,Região Nordeste,Dilma (PT),José Serra (PSDB),Dilma,José Serra,PT,PSDB,2º turno,2º turno,2.294.146,606.449,2.900.595,7909,2091,5818,1.687.697,5.042.999,"3,22%",A UF tem 5.042.999 eleitores em 2022,"Isso equivale a 3,22% dos eleitores do Brasil"
2014,1,1º turno,21,MA,Maranhão,Região Nordeste,Dilma (PT),Aécio Neves (PSDB),Dilma,Aécio Neves,PT,PSDB,2º turno,2º turno,2.187.864,365.655,3.145.547,6955,1162,5793,1.822.209,5.042.999,"3,22%",A UF tem 5.042.999 eleitores em 2022,"Isso equivale a 3,22% dos eleitores do Brasil"
2014,2,2º turno,21,MA,Maranhão,Região Nordeste,Dilma (PT),Aécio Neves (PSDB),Dilma,Aécio Neves,PT,PSDB,Eleito,Não eleito,2.475.985,667.823,3.143.808,7876,2124,5752,1.808.162,5.042.999,"3,22%",A UF tem 5.042.999 eleitores em 2022,"Isso equivale a 3,22% dos eleitores do Brasil"
2018,1,1º turno,21,MA,Maranhão,Região Nordeste,Fernando Haddad (PT),Jair Bolsonaro (PSL),Fernando Haddad,Jair Bolsonaro,PT,PSL,2º turno,2º turno,2.062.638,817.531,3.366.947,6126,2428,3698,1.245.107,5.042.999,"3,22%",A UF tem 5.042.999 eleitores em 2022,"Isso equivale a 3,22% dos eleitores do Brasil"
2018,2,2º turno,21,MA,Maranhão,Região Nordeste,Fernando Haddad (PT),Jair Bolsonaro (PSL),Fernando Haddad,Jair Bolsonaro,PT,PSL,Não eleito,Eleito,2.428.913,886.565,3.315.478,7326,2674,4652,1.542.348,5.042.999,"3,22%",A UF tem 5.042.999 eleitores em 2022,"Isso equivale a 3,22% dos eleitores do Brasil"
2002,1,1º turno,31,MG,Minas Gerais,Região Sudeste,Lula (PT),José Serra (PSDB),Lula,José Serra,PT,PSDB,2º turno,2º turno,4.990.085,2.151.597,9.413.131,5301,2286,3015,2.838.488,16.290.870,"10,41%",A UF tem 16.290.870 eleitores em 2022,"Isso equivale a 10,41% dos eleitores do Brasil"
2002,2,2º turno,31,MG,Minas Gerais,Região Sudeste,Lula (PT),José Serra (PSDB),Lula,José Serra,PT,PSDB,Eleito,Não eleito,6.384.690,3.223.960,9.608.650,6645,3355,329,3.160.730,16.290.870,"10,41%",A UF tem 16.290.870 eleitores em 2022,"Isso equivale a 10,41% dos eleitores do Brasil"
2006,1,1º turno,31,MG,Minas Gerais,Região Sudeste,Lula (PT),Geraldo Alckmin (PSDB),Lula,Geraldo Alckmin,PT,PSDB,2º turno,2º turno,5.192.439,4.151.507,10.220.573,508,4062,1018,1.040.932,16.290.870,"10,41%",A UF tem 16.290.870 eleitores em 2022,"Isso equivale a 10,41% dos eleitores do Brasil"
2006,2,2º turno,31,MG,Minas Gerais,Região Sudeste,Lula (PT),Geraldo Alckmin (PSDB),Lula,Geraldo Alckmin,PT,PSDB,Eleito,Não eleito,6.808.417,3.635.228,10.443.645,6519,3481,3038,3.173.189,16.290.870,"10,41%",A UF tem 16.290.870 eleitores em 2022,"Isso equivale a 10,41% dos eleitores do Brasil"
2010,1,1º turno,31,MG,Minas Gerais,Região Sudeste,Dilma (PT),José Serra (PSDB),Dilma,José Serra,PT,PSDB,2º turno,2º turno,5.067.399,3.317.872,10.785.588,4698,3076,1622,1.749.527,16.290.870,"10,41%",A UF tem 16.290.870 eleitores em 2022,"Isso equivale a 10,41% dos eleitores do Brasil"
2010,2,2º turno,31,MG,Minas Gerais,Região Sudeste,Dilma (PT),José Serra (PSDB),Dilma,José Serra,PT,PSDB,2º turno,2º turno,6.220.125,4.422.294,10.642.419,5845,4155,169,1.797.831,16.290.870,"10,41%",A UF tem 16.290.870 eleitores em 2022,"Isso equivale a 10,41% dos eleitores do Brasil"
2014,1,1º turno,31,MG,Minas Gerais,Região Sudeste,Dilma (PT),Aécio Neves (PSDB),Dilma,Aécio Neves,PT,PSDB,2º turno,2º turno,4.830.867,4.417.876,11.112.954,4347,3975,372,412.991,16.290.870,"10,41%",A UF tem 16.290.870 eleitores em 2022,"Isso equivale a 10,41% dos eleitores do Brasil"
2014,2,2º turno,31,MG,Minas Gerais,Região Sudeste,Dilma (PT),Aécio Neves (PSDB),Dilma,Aécio Neves,PT,PSDB,Eleito,Não eleito,5.981.162,5.432.465,11.413.627,524,476,48,548.697,16.290.870,"10,41%",A UF tem 16.290.870 eleitores em 2022,"Isso equivale a 10,41% dos eleitores do Brasil"
2018,1,1º turno,31,MG,Minas Gerais,Região Sudeste,Fernando Haddad (PT),Jair Bolsonaro (PSL),Fernando Haddad,Jair Bolsonaro,PT,PSL,2º turno,2º turno,3.037.957,5.308.047,10.987.714,2765,4831,-2066,-2.270.090,16.290.870,"10,41%",A UF tem 16.290.870 eleitores em 2022,"Isso equivale a 10,41% dos eleitores do Brasil"
2018,2,2º turno,31,MG,Minas Gerais,Região Sudeste,Fernando Haddad (PT),Jair Bolsonaro (PSL),Fernando Haddad,Jair Bolsonaro,PT,PSL,Não eleito,Eleito,4.382.952,6.100.107,10.483.059,4181,5819,-1638,-1.717.155,16.290.870,"10,41%",A UF tem 16.290.870 eleitores em 2022,"Isso equivale a 10,41% dos eleitores do Brasil"
2002,1,1º turno,50,MS,Mato Grosso do Sul,Região Centro-Oeste,Lula (PT),José Serra (PSDB),Lula,José Serra,PT,PSDB,2º turno,2º turno,446.438,308.905,1.076.108,4149,2871,1278,137.533,1.996.510,"1,28%",A UF tem 1.996.510 eleitores em 2022,"Isso equivale a 1,28% dos eleitores do Brasil"
2002,2,2º turno,50,MS,Mato Grosso do Sul,Região Centro-Oeste,Lula (PT),José Serra (PSDB),Lula,José Serra,PT,PSDB,Eleito,Não eleito,593.939,483.196,1.077.135,5514,4486,1028,110.743,1.996.510,"1,28%",A UF tem 1.996.510 eleitores em 2022,"Isso equivale a 1,28% dos eleitores do Brasil"
2006,1,1º turno,50,MS,Mato Grosso do Sul,Região Centro-Oeste,Lula (PT),Geraldo Alckmin (PSDB),Lula,Geraldo Alckmin,PT,PSDB,2º turno,2º turno,439.965,687.583,1.222.462,3599,5625,-2026,-247.618,1.996.510,"1,28%",A UF tem 1.996.510 eleitores em 2022,"Isso equivale a 1,28% dos eleitores do Brasil"
2006,2,2º turno,50,MS,Mato Grosso do Sul,Região Centro-Oeste,Lula (PT),Geraldo Alckmin (PSDB),Lula,Geraldo Alckmin,PT,PSDB,Eleito,Não eleito,535.966,655.491,1.191.457,4498,5502,-1004,-119.525,1.996.510,"1,28%",A UF tem 1.996.510 eleitores em 2022,"Isso equivale a 1,28% dos eleitores do Brasil"
2010,1,1º turno,50,MS,Mato Grosso do Sul,Região Centro-Oeste,Dilma (PT),José Serra (PSDB),Dilma,José Serra,PT,PSDB,2º turno,2º turno,518.877,551.296,1.301.849,3986,4235,-249,-32.419,1.996.510,"1,28%",A UF tem 1.996.510 eleitores em 2022,"Isso equivale a 1,28% dos eleitores do Brasil"
2010,2,2º turno,50,MS,Mato Grosso do Sul,Região Centro-Oeste,Dilma (PT),José Serra (PSDB),Dilma,José Serra,PT,PSDB,2º turno,2º turno,555.283,682.305,1.237.588,4487,5513,-1026,-127.022,1.996.510,"1,28%",A UF tem 1.996.510 eleitores em 2022,"Isso equivale a 1,28% dos eleitores do Brasil"
2014,1,1º turno,50,MS,Mato Grosso do Sul,Região Centro-Oeste,Dilma (PT),Aécio Neves (PSDB),Dilma,Aécio Neves,PT,PSDB,2º turno,2º turno,507.063,558.826,1.352.208,375,4133,-383,-51.763,1.996.510,"1,28%",A UF tem 1.996.510 eleitores em 2022,"Isso equivale a 1,28% dos eleitores do Brasil"
2014,2,2º turno,50,MS,Mato Grosso do Sul,Região Centro-Oeste,Dilma (PT),Aécio Neves (PSDB),Dilma,Aécio Neves,PT,PSDB,Eleito,Não eleito,590.965,762.797,1.353.762,4365,5635,-127,-171.832,1.996.510,"1,28%",A UF tem 1.996.510 eleitores em 2022,"Isso equivale a 1,28% dos eleitores do Brasil"
2018,1,1º turno,50,MS,Mato Grosso do Sul,Região Centro-Oeste,Fernando Haddad (PT),Jair Bolsonaro (PSL),Fernando Haddad,Jair Bolsonaro,PT,PSL,2º turno,2º turno,333.407,769.116,1.396.945,2387,5506,-3119,-435.709,1.996.510,"1,28%",A UF tem 1.996.510 eleitores em 2022,"Isso equivale a 1,28% dos eleitores do Brasil"
2018,2,2º turno,50,MS,Mato Grosso do Sul,Região Centro-Oeste,Fernando Haddad (PT),Jair Bolsonaro (PSL),Fernando Haddad,Jair Bolsonaro,PT,PSL,Não eleito,Eleito,465.025,872.049,1.337.074,3478,6522,-3044,-407.024,1.996.510,"1,28%",A UF tem 1.996.510 eleitores em 2022,"Isso equivale a 1,28% dos eleitores do Brasil"
2002,1,1º turno,51,MT,Mato Grosso,Região Centro-Oeste,Lula (PT),José Serra (PSDB),Lula,José Serra,PT,PSDB,2º turno,2º turno,509.151,372.068,1.252.744,4064,297,1094,137.083,2.469.414,"1,58%",A UF tem 2.469.414 eleitores em 2022,"Isso equivale a 1,58% dos eleitores do Brasil"
2002,2,2º turno,51,MT,Mato Grosso,Região Centro-Oeste,Lula (PT),José Serra (PSDB),Lula,José Serra,PT,PSDB,Eleito,Não eleito,649.1,542.695,1.191.795,5446,4554,892,106.405,2.469.414,"1,58%",A UF tem 2.469.414 eleitores em 2022,"Isso equivale a 1,58% dos eleitores do Brasil"
2006,1,1º turno,51,MT,Mato Grosso,Região Centro-Oeste,Lula (PT),Geraldo Alckmin (PSDB),Lula,Geraldo Alckmin,PT,PSDB,2º turno,2º turno,557.244,790.32,1.441.636,3865,5482,-1617,-233.076,2.469.414,"1,58%",A UF tem 2.469.414 eleitores em 2022,"Isso equivale a 1,58% dos eleitores do Brasil"
2006,2,2º turno,51,MT,Mato Grosso,Região Centro-Oeste,Lula (PT),Geraldo Alckmin (PSDB),Lula,Geraldo Alckmin,PT,PSDB,Eleito,Não eleito,711.177,719.984,1.431.161,4969,5031,-62,-8.807,2.469.414,"1,58%",A UF tem 2.469.414 eleitores em 2022,"Isso equivale a 1,58% dos eleitores do Brasil"
2010,1,1º turno,51,MT,Mato Grosso,Região Centro-Oeste,Dilma (PT),José Serra (PSDB),Dilma,José Serra,PT,PSDB,2º turno,2º turno,659.771,678.614,1.536.593,4294,4416,-122,-18.843,2.469.414,"1,58%",A UF tem 2.469.414 eleitores em 2022,"Isso equivale a 1,58% dos eleitores do Brasil"
2010,2,2º turno,51,MT,Mato Grosso,Região Centro-Oeste,Dilma (PT),José Serra (PSDB),Dilma,José Serra,PT,PSDB,2º turno,2º turno,729.747,762.905,1.492.652,4889,5111,-222,-33.158,2.469.414,"1,58%",A UF tem 2.469.414 eleitores em 2022,"Isso equivale a 1,58% dos eleitores do Brasil"
2014,1,1º turno,51,MT,Mato Grosso,Região Centro-Oeste,Dilma (PT),Aécio Neves (PSDB),Dilma,Aécio Neves,PT,PSDB,2º turno,2º turno,616.411,693.755,1.559.619,3952,4448,-496,-77.344,2.469.414,"1,58%",A UF tem 2.469.414 eleitores em 2022,"Isso equivale a 1,58% dos eleitores do Brasil"
2014,2,2º turno,51,MT,Mato Grosso,Região Centro-Oeste,Dilma (PT),Aécio Neves (PSDB),Dilma,Aécio Neves,PT,PSDB,Eleito,Não eleito,717.412,865.61,1.583.022,4532,5468,-936,-148.198,2.469.414,"1,58%",A UF tem 2.469.414 eleitores em 2022,"Isso equivale a 1,58% dos eleitores do Brasil"
2018,1,1º turno,51,MT,Mato Grosso,Região Centro-Oeste,Fernando Haddad (PT),Jair Bolsonaro (PSL),Fernando Haddad,Jair Bolsonaro,PT,PSL,2º turno,2º turno,404.604,981.119,1.634.136,2476,6004,-3528,-576.515,2.469.414,"1,58%",A UF tem 2.469.414 eleitores em 2022,"Isso equivale a 1,58% dos eleitores do Brasil"
2018,2,2º turno,51,MT,Mato Grosso,Região Centro-Oeste,Fernando Haddad (PT),Jair Bolsonaro (PSL),Fernando Haddad,Jair Bolsonaro,PT,PSL,Não eleito,Eleito,549.001,1.085.824,1.634.825,3358,6642,-3284,-536.823,2.469.414,"1,58%",A UF tem 2.469.414 eleitores em 2022,"Isso equivale a 1,58% dos eleitores do Brasil"
2002,1,1º turno,15,PA,Pará,Região Norte,Lula (PT),José Serra (PSDB),Lula,José Serra,PT,PSDB,2º turno,2º turno,1.070.416,673.488,2.532.141,4227,266,1567,396.928,6.082.312,"3,89%",A UF tem 6.082.312 eleitores em 2022,"Isso equivale a 3,89% dos eleitores do Brasil"
2002,2,2º turno,15,PA,Pará,Região Norte,Lula (PT),José Serra (PSDB),Lula,José Serra,PT,PSDB,Eleito,Não eleito,1.317.472,1.184.624,2.502.096,5265,4735,53,132.848,6.082.312,"3,89%",A UF tem 6.082.312 eleitores em 2022,"Isso equivale a 3,89% dos eleitores do Brasil"
2006,1,1º turno,15,PA,Pará,Região Norte,Lula (PT),Geraldo Alckmin (PSDB),Lula,Geraldo Alckmin,PT,PSDB,2º turno,2º turno,1.631.569,1.310.437,3.150.676,5178,4159,1019,321.132,6.082.312,"3,89%",A UF tem 6.082.312 eleitores em 2022,"Isso equivale a 3,89% dos eleitores do Brasil"
2006,2,2º turno,15,PA,Pará,Região Norte,Lula (PT),Geraldo Alckmin (PSDB),Lula,Geraldo Alckmin,PT,PSDB,Eleito,Não eleito,1.840.154,1.220.564,3.060.718,6012,3988,2024,619.59,6.082.312,"3,89%",A UF tem 6.082.312 eleitores em 2022,"Isso equivale a 3,89% dos eleitores do Brasil"
2010,1,1º turno,15,PA,Pará,Região Norte,Dilma (PT),José Serra (PSDB),Dilma,José Serra,PT,PSDB,2º turno,2º turno,1.699.799,1.336.887,3.546.584,4793,377,1023,362.912,6.082.312,"3,89%",A UF tem 6.082.312 eleitores em 2022,"Isso equivale a 3,89% dos eleitores do Brasil"
2010,2,2º turno,15,PA,Pará,Região Norte,Dilma (PT),José Serra (PSDB),Dilma,José Serra,PT,PSDB,2º turno,2º turno,1.791.443,1.576.154,3.367.597,532,468,64,215.289,6.082.312,"3,89%",A UF tem 6.082.312 eleitores em 2022,"Isso equivale a 3,89% dos eleitores do Brasil"
2014,1,1º turno,15,PA,Pará,Região Norte,Dilma (PT),Aécio Neves (PSDB),Dilma,Aécio Neves,PT,PSDB,2º turno,2º turno,2.040.981,1.058.334,3.838.783,5317,2757,256,982.647,6.082.312,"3,89%",A UF tem 6.082.312 eleitores em 2022,"Isso equivale a 3,89% dos eleitores do Brasil"
2014,2,2º turno,15,PA,Pará,Região Norte,Dilma (PT),Aécio Neves (PSDB),Dilma,Aécio Neves,PT,PSDB,Eleito,Não eleito,2.104.151,1.561.066,3.665.217,5741,4259,1482,543.085,6.082.312,"3,89%",A UF tem 6.082.312 eleitores em 2022,"Isso equivale a 3,89% dos eleitores do Brasil"
2018,1,1º turno,15,PA,Pará,Região Norte,Fernando Haddad (PT),Jair Bolsonaro (PSL),Fernando Haddad,Jair Bolsonaro,PT,PSL,2º turno,2º turno,1.714.822,1.499.294,4.142.735,4139,3619,52,215.528,6.082.312,"3,89%",A UF tem 6.082.312 eleitores em 2022,"Isso equivale a 3,89% dos eleitores do Brasil"
2018,2,2º turno,15,PA,Pará,Região Norte,Fernando Haddad (PT),Jair Bolsonaro (PSL),Fernando Haddad,Jair Bolsonaro,PT,PSL,Não eleito,Eleito,2.112.769,1.742.188,3.854.957,5481,4519,962,370.581,6.082.312,"3,89%",A UF tem 6.082.312 eleitores em 2022,"Isso equivale a 3,89% dos eleitores do Brasil"
2002,1,1º turno,25,PB,Paraíba,Região Nordeste,Lula (PT),José Serra (PSDB),Lula,José Serra,PT,PSDB,2º turno,2º turno,754.329,466.346,1.579.200,4777,2953,1824,287.983,3.091.684,"1,98%",A UF tem 3.091.684 eleitores em 2022,"Isso equivale a 1,98% dos eleitores do Brasil"
2002,2,2º turno,25,PB,Paraíba,Região Nordeste,Lula (PT),José Serra (PSDB),Lula,José Serra,PT,PSDB,Eleito,Não eleito,984.944,742.486,1.727.430,5702,4298,1404,242.458,3.091.684,"1,98%",A UF tem 3.091.684 eleitores em 2022,"Isso equivale a 1,98% dos eleitores do Brasil"
2006,1,1º turno,25,PB,Paraíba,Região Nordeste,Lula (PT),Geraldo Alckmin (PSDB),Lula,Geraldo Alckmin,PT,PSDB,2º turno,2º turno,1.258.341,537.042,1.926.654,6531,2787,3744,721.299,3.091.684,"1,98%",A UF tem 3.091.684 eleitores em 2022,"Isso equivale a 1,98% dos eleitores do Brasil"
2006,2,2º turno,25,PB,Paraíba,Região Nordeste,Lula (PT),Geraldo Alckmin (PSDB),Lula,Geraldo Alckmin,PT,PSDB,Eleito,Não eleito,1.478.378,492.524,1.970.902,7501,2499,5002,985.854,3.091.684,"1,98%",A UF tem 3.091.684 eleitores em 2022,"Isso equivale a 1,98% dos eleitores do Brasil"
2010,1,1º turno,25,PB,Paraíba,Região Nordeste,Dilma (PT),José Serra (PSDB),Dilma,José Serra,PT,PSDB,2º turno,2º turno,1.031.185,551.053,1.937.986,5321,2843,2478,480.132,3.091.684,"1,98%",A UF tem 3.091.684 eleitores em 2022,"Isso equivale a 1,98% dos eleitores do Brasil"
2010,2,2º turno,25,PB,Paraíba,Região Nordeste,Dilma (PT),José Serra (PSDB),Dilma,José Serra,PT,PSDB,2º turno,2º turno,1.229.391,767.919,1.997.310,6155,3845,231,461.472,3.091.684,"1,98%",A UF tem 3.091.684 eleitores em 2022,"Isso equivale a 1,98% dos eleitores do Brasil"
2014,1,1º turno,25,PB,Paraíba,Região Nordeste,Dilma (PT),Aécio Neves (PSDB),Dilma,Aécio Neves,PT,PSDB,2º turno,2º turno,1.166.860,490.962,2.098.811,556,2339,3221,675.898,3.091.684,"1,98%",A UF tem 3.091.684 eleitores em 2022,"Isso equivale a 1,98% dos eleitores do Brasil"
2014,2,2º turno,25,PB,Paraíba,Região Nordeste,Dilma (PT),Aécio Neves (PSDB),Dilma,Aécio Neves,PT,PSDB,Eleito,Não eleito,1.381.305,768.475,2.149.780,6425,3575,285,612.83,3.091.684,"1,98%",A UF tem 3.091.684 eleitores em 2022,"Isso equivale a 1,98% dos eleitores do Brasil"
2018,1,1º turno,25,PB,Paraíba,Região Nordeste,Fernando Haddad (PT),Jair Bolsonaro (PSL),Fernando Haddad,Jair Bolsonaro,PT,PSL,2º turno,2º turno,984.398,677.718,2.165.544,4546,313,1416,306.68,3.091.684,"1,98%",A UF tem 3.091.684 eleitores em 2022,"Isso equivale a 1,98% dos eleitores do Brasil"
2018,2,2º turno,25,PB,Paraíba,Região Nordeste,Fernando Haddad (PT),Jair Bolsonaro (PSL),Fernando Haddad,Jair Bolsonaro,PT,PSL,Não eleito,Eleito,1.451.293,782.143,2.233.436,6498,3502,2996,669.15,3.091.684,"1,98%",A UF tem 3.091.684 eleitores em 2022,"Isso equivale a 1,98% dos eleitores do Brasil"
2002,1,1º turno,26,PE,Pernambuco,Região Nordeste,Lula (PT),José Serra (PSDB),Lula,José Serra,PT,PSDB,2º turno,2º turno,1.657.476,1.015.496,3.569.322,4644,2845,1799,641.98,7.018.098,"4,49%",A UF tem 7.018.098 eleitores em 2022,"Isso equivale a 4,49% dos eleitores do Brasil"
2002,2,2º turno,26,PE,Pernambuco,Região Nordeste,Lula (PT),José Serra (PSDB),Lula,José Serra,PT,PSDB,Eleito,Não eleito,2.198.673,1.654.132,3.852.805,5707,4293,1414,544.541,7.018.098,"4,49%",A UF tem 7.018.098 eleitores em 2022,"Isso equivale a 4,49% dos eleitores do Brasil"
2006,1,1º turno,26,PE,Pernambuco,Região Nordeste,Lula (PT),Geraldo Alckmin (PSDB),Lula,Geraldo Alckmin,PT,PSDB,2º turno,2º turno,2.993.618,964.73,4.220.344,7093,2286,4807,2.028.888,7.018.098,"4,49%",A UF tem 7.018.098 eleitores em 2022,"Isso equivale a 4,49% dos eleitores do Brasil"
2006,2,2º turno,26,PE,Pernambuco,Região Nordeste,Lula (PT),Geraldo Alckmin (PSDB),Lula,Geraldo Alckmin,PT,PSDB,Eleito,Não eleito,3.260.996,894.062,4.155.058,7848,2152,5696,2.366.934,7.018.098,"4,49%",A UF tem 7.018.098 eleitores em 2022,"Isso equivale a 4,49% dos eleitores do Brasil"
2010,1,1º turno,26,PE,Pernambuco,Região Nordeste,Dilma (PT),José Serra (PSDB),Dilma,José Serra,PT,PSDB,2º turno,2º turno,2.748.751,773.374,4.451.932,6174,1737,4437,1.975.377,7.018.098,"4,49%",A UF tem 7.018.098 eleitores em 2022,"Isso equivale a 4,49% dos eleitores do Brasil"
2010,2,2º turno,26,PE,Pernambuco,Região Nordeste,Dilma (PT),José Serra (PSDB),Dilma,José Serra,PT,PSDB,2º turno,2º turno,3.457.953,1.113.235,4.571.188,7565,2435,513,2.344.718,7.018.098,"4,49%",A UF tem 7.018.098 eleitores em 2022,"Isso equivale a 4,49% dos eleitores do Brasil"
2014,1,1º turno,26,PE,Pernambuco,Região Nordeste,Dilma (PT),Aécio Neves (PSDB),Dilma,Aécio Neves,PT,PSDB,2º turno,2º turno,2.127.010,285.315,4.810.876,4421,593,3828,1.841.695,7.018.098,"4,49%",A UF tem 7.018.098 eleitores em 2022,"Isso equivale a 4,49% dos eleitores do Brasil"
2014,2,2º turno,26,PE,Pernambuco,Região Nordeste,Dilma (PT),Aécio Neves (PSDB),Dilma,Aécio Neves,PT,PSDB,Eleito,Não eleito,3.438.829,1.460.279,4.899.108,7019,2981,4038,1.978.550,7.018.098,"4,49%",A UF tem 7.018.098 eleitores em 2022,"Isso equivale a 4,49% dos eleitores do Brasil"
2018,1,1º turno,26,PE,Pernambuco,Região Nordeste,Fernando Haddad (PT),Jair Bolsonaro (PSL),Fernando Haddad,Jair Bolsonaro,PT,PSL,2º turno,2º turno,2.309.104,1.444.685,4.725.216,4887,3057,183,864.419,7.018.098,"4,49%",A UF tem 7.018.098 eleitores em 2022,"Isso equivale a 4,49% dos eleitores do Brasil"
2018,2,2º turno,26,PE,Pernambuco,Região Nordeste,Fernando Haddad (PT),Jair Bolsonaro (PSL),Fernando Haddad,Jair Bolsonaro,PT,PSL,Não eleito,Eleito,3.297.944,1.661.163,4.959.107,665,335,33,1.636.781,7.018.098,"4,49%",A UF tem 7.018.098 eleitores em 2022,"Isso equivale a 4,49% dos eleitores do Brasil"
2002,1,1º turno,22,PI,Piauí,Região Nordeste,Lula (PT),José Serra (PSDB),Lula,José Serra,PT,PSDB,2º turno,2º turno,616.157,358.986,1.315.285,4685,2729,1956,257.171,2.573.810,"1,65%",A UF tem 2.573.810 eleitores em 2022,"Isso equivale a 1,65% dos eleitores do Brasil"
2002,2,2º turno,22,PI,Piauí,Região Nordeste,Lula (PT),José Serra (PSDB),Lula,José Serra,PT,PSDB,Eleito,Não eleito,825.257,533.603,1.358.860,6073,3927,2146,291.654,2.573.810,"1,65%",A UF tem 2.573.810 eleitores em 2022,"Isso equivale a 1,65% dos eleitores do Brasil"
2006,1,1º turno,22,PI,Piauí,Região Nordeste,Lula (PT),Geraldo Alckmin (PSDB),Lula,Geraldo Alckmin,PT,PSDB,2º turno,2º turno,1.055.600,440.063,1.568.953,6728,2805,3923,615.537,2.573.810,"1,65%",A UF tem 2.573.810 eleitores em 2022,"Isso equivale a 1,65% dos eleitores do Brasil"
2006,2,2º turno,22,PI,Piauí,Região Nordeste,Lula (PT),Geraldo Alckmin (PSDB),Lula,Geraldo Alckmin,PT,PSDB,Eleito,Não eleito,1.216.842,356.879,1.573.721,7732,2268,5464,859.963,2.573.810,"1,65%",A UF tem 2.573.810 eleitores em 2022,"Isso equivale a 1,65% dos eleitores do Brasil"
2010,1,1º turno,22,PI,Piauí,Região Nordeste,Dilma (PT),José Serra (PSDB),Dilma,José Serra,PT,PSDB,2º turno,2º turno,1.088.205,339.445,1.622.041,6709,2093,4616,748.76,2.573.810,"1,65%",A UF tem 2.573.810 eleitores em 2022,"Isso equivale a 1,65% dos eleitores do Brasil"
2010,2,2º turno,22,PI,Piauí,Região Nordeste,Dilma (PT),José Serra (PSDB),Dilma,José Serra,PT,PSDB,2º turno,2º turno,1.112.380,477.092,1.589.472,6998,3002,3996,635.288,2.573.810,"1,65%",A UF tem 2.573.810 eleitores em 2022,"Isso equivale a 1,65% dos eleitores do Brasil"
2014,1,1º turno,22,PI,Piauí,Região Nordeste,Dilma (PT),Aécio Neves (PSDB),Dilma,Aécio Neves,PT,PSDB,2º turno,2º turno,1.235.337,242.256,1.749.876,706,1384,5676,993.081,2.573.810,"1,65%",A UF tem 2.573.810 eleitores em 2022,"Isso equivale a 1,65% dos eleitores do Brasil"
2014,2,2º turno,22,PI,Piauí,Região Nordeste,Dilma (PT),Aécio Neves (PSDB),Dilma,Aécio Neves,PT,PSDB,Eleito,Não eleito,1.385.265,384.157,1.769.422,7829,2171,5658,1.001.108,2.573.810,"1,65%",A UF tem 2.573.810 eleitores em 2022,"Isso equivale a 1,65% dos eleitores do Brasil"
2018,1,1º turno,22,PI,Piauí,Região Nordeste,Fernando Haddad (PT),Jair Bolsonaro (PSL),Fernando Haddad,Jair Bolsonaro,PT,PSL,2º turno,2º turno,1.172.147,346.944,1.848.943,634,1876,4464,825.203,2.573.810,"1,65%",A UF tem 2.573.810 eleitores em 2022,"Isso equivale a 1,65% dos eleitores do Brasil"
2018,2,2º turno,22,PI,Piauí,Região Nordeste,Fernando Haddad (PT),Jair Bolsonaro (PSL),Fernando Haddad,Jair Bolsonaro,PT,PSL,Não eleito,Eleito,1.417.113,422.095,1.839.208,7705,2295,541,995.018,2.573.810,"1,65%",A UF tem 2.573.810 eleitores em 2022,"Isso equivale a 1,65% dos eleitores do Brasil"
2002,1,1º turno,41,PR,Paraná,Região Sul,Lula (PT),José Serra (PSDB),Lula,José Serra,PT,PSDB,2º turno,2º turno,2.540.328,1.367.384,5.067.229,5013,2698,2315,1.172.944,8.475.632,"5,42%",A UF tem 8.475.632 eleitores em 2022,"Isso equivale a 5,42% dos eleitores do Brasil"
2002,2,2º turno,41,PR,Paraná,Região Sul,Lula (PT),José Serra (PSDB),Lula,José Serra,PT,PSDB,Eleito,Não eleito,2.929.427,2.017.198,4.946.625,5922,4078,1844,912.229,8.475.632,"5,42%",A UF tem 8.475.632 eleitores em 2022,"Isso equivale a 5,42% dos eleitores do Brasil"
2006,1,1º turno,41,PR,Paraná,Região Sul,Lula (PT),Geraldo Alckmin (PSDB),Lula,Geraldo Alckmin,PT,PSDB,2º turno,2º turno,2.111.589,2.953.572,5.571.418,379,5301,-1511,-841.983,8.475.632,"5,42%",A UF tem 8.475.632 eleitores em 2022,"Isso equivale a 5,42% dos eleitores do Brasil"
2006,2,2º turno,41,PR,Paraná,Região Sul,Lula (PT),Geraldo Alckmin (PSDB),Lula,Geraldo Alckmin,PT,PSDB,Eleito,Não eleito,2.663.423,2.744.697,5.408.120,4925,5075,-15,-81.274,8.475.632,"5,42%",A UF tem 8.475.632 eleitores em 2022,"Isso equivale a 5,42% dos eleitores do Brasil"
2010,1,1º turno,41,PR,Paraná,Região Sul,Dilma (PT),José Serra (PSDB),Dilma,José Serra,PT,PSDB,2º turno,2º turno,2.311.239,2.607.664,5.935.001,3894,4394,-5,-296.425,8.475.632,"5,42%",A UF tem 8.475.632 eleitores em 2022,"Isso equivale a 5,42% dos eleitores do Brasil"
2010,2,2º turno,41,PR,Paraná,Região Sul,Dilma (PT),José Serra (PSDB),Dilma,José Serra,PT,PSDB,2º turno,2º turno,2.593.086,3.226.216,5.819.302,4456,5544,-1088,-633.13,8.475.632,"5,42%",A UF tem 8.475.632 eleitores em 2022,"Isso equivale a 5,42% dos eleitores do Brasil"
2014,1,1º turno,41,PR,Paraná,Região Sul,Dilma (PT),Aécio Neves (PSDB),Dilma,Aécio Neves,PT,PSDB,2º turno,2º turno,1.973.421,3.021.988,6.067.868,3252,498,-1728,-1.048.567,8.475.632,"5,42%",A UF tem 8.475.632 eleitores em 2022,"Isso equivale a 5,42% dos eleitores do Brasil"
2014,2,2º turno,41,PR,Paraná,Região Sul,Dilma (PT),Aécio Neves (PSDB),Dilma,Aécio Neves,PT,PSDB,Eleito,Não eleito,2.409.677,3.769.054,6.178.731,39,61,-22,-1.359.377,8.475.632,"5,42%",A UF tem 8.475.632 eleitores em 2022,"Isso equivale a 5,42% dos eleitores do Brasil"
2018,1,1º turno,41,PR,Paraná,Região Sul,Fernando Haddad (PT),Jair Bolsonaro (PSL),Fernando Haddad,Jair Bolsonaro,PT,PSL,2º turno,2º turno,1.210.974,3.496.448,6.145.689,197,5689,-3719,-2.285.474,8.475.632,"5,42%",A UF tem 8.475.632 eleitores em 2022,"Isso equivale a 5,42% dos eleitores do Brasil"
2018,2,2º turno,41,PR,Paraná,Região Sul,Fernando Haddad (PT),Jair Bolsonaro (PSL),Fernando Haddad,Jair Bolsonaro,PT,PSL,Não eleito,Eleito,1.948.790,4.224.416,6.173.206,3157,6843,-3686,-2.275.626,8.475.632,"5,42%",A UF tem 8.475.632 eleitores em 2022,"Isso equivale a 5,42% dos eleitores do Brasil"
2002,1,1º turno,33,RJ,Rio de Janeiro,Região Sudeste,Lula (PT),José Serra (PSDB),Lula,José Serra,PT,PSDB,2º turno,2º turno,3.284.258,721.081,8.176.005,4017,882,3135,2.563.177,12.827.296,"8,20%",A UF tem 12.827.296 eleitores em 2022,"Isso equivale a 8,20% dos eleitores do Brasil"
2002,2,2º turno,33,RJ,Rio de Janeiro,Região Sudeste,Lula (PT),José Serra (PSDB),Lula,José Serra,PT,PSDB,Eleito,Não eleito,6.318.104,1.682.472,8.000.576,7897,2103,5794,4.635.632,12.827.296,"8,20%",A UF tem 12.827.296 eleitores em 2022,"Isso equivale a 8,20% dos eleitores do Brasil"
2006,1,1º turno,33,RJ,Rio de Janeiro,Região Sudeste,Lula (PT),Geraldo Alckmin (PSDB),Lula,Geraldo Alckmin,PT,PSDB,2º turno,2º turno,4.092.648,2.402.076,8.322.533,4918,2886,2032,1.690.572,12.827.296,"8,20%",A UF tem 12.827.296 eleitores em 2022,"Isso equivale a 8,20% dos eleitores do Brasil"
2006,2,2º turno,33,RJ,Rio de Janeiro,Região Sudeste,Lula (PT),Geraldo Alckmin (PSDB),Lula,Geraldo Alckmin,PT,PSDB,Eleito,Não eleito,5.532.284,2.406.487,7.938.771,6969,3031,3938,3.125.797,12.827.296,"8,20%",A UF tem 12.827.296 eleitores em 2022,"Isso equivale a 8,20% dos eleitores do Brasil"
2010,1,1º turno,33,RJ,Rio de Janeiro,Região Sudeste,Dilma (PT),José Serra (PSDB),Dilma,José Serra,PT,PSDB,2º turno,2º turno,3.739.632,1.925.166,8.545.075,4376,2253,2123,1.814.466,12.827.296,"8,20%",A UF tem 12.827.296 eleitores em 2022,"Isso equivale a 8,20% dos eleitores do Brasil"
2010,2,2º turno,33,RJ,Rio de Janeiro,Região Sudeste,Dilma (PT),José Serra (PSDB),Dilma,José Serra,PT,PSDB,2º turno,2º turno,4.934.077,3.223.891,8.157.968,6048,3952,2096,1.710.186,12.827.296,"8,20%",A UF tem 12.827.296 eleitores em 2022,"Isso equivale a 8,20% dos eleitores do Brasil"
2014,1,1º turno,33,RJ,Rio de Janeiro,Região Sudeste,Dilma (PT),Aécio Neves (PSDB),Dilma,Aécio Neves,PT,PSDB,2º turno,2º turno,2.971.736,2.249.662,8.346.514,356,2695,865,722.074,12.827.296,"8,20%",A UF tem 12.827.296 eleitores em 2022,"Isso equivale a 8,20% dos eleitores do Brasil"
2014,2,2º turno,33,RJ,Rio de Janeiro,Região Sudeste,Dilma (PT),Aécio Neves (PSDB),Dilma,Aécio Neves,PT,PSDB,Eleito,Não eleito,4.489.860,3.685.122,8.174.982,5492,4508,984,804.738,12.827.296,"8,20%",A UF tem 12.827.296 eleitores em 2022,"Isso equivale a 8,20% dos eleitores do Brasil"
2018,1,1º turno,33,RJ,Rio de Janeiro,Região Sudeste,Fernando Haddad (PT),Jair Bolsonaro (PSL),Fernando Haddad,Jair Bolsonaro,PT,PSL,2º turno,2º turno,1.255.425,5.107.735,8.543.393,1469,5979,-451,-3.852.310,12.827.296,"8,20%",A UF tem 12.827.296 eleitores em 2022,"Isso equivale a 8,20% dos eleitores do Brasil"
2018,2,2º turno,33,RJ,Rio de Janeiro,Região Sudeste,Fernando Haddad (PT),Jair Bolsonaro (PSL),Fernando Haddad,Jair Bolsonaro,PT,PSL,Não eleito,Eleito,2.673.386,5.669.059,8.342.445,3205,6795,-359,-2.995.673,12.827.296,"8,20%",A UF tem 12.827.296 eleitores em 2022,"Isso equivale a 8,20% dos eleitores do Brasil"
2002,1,1º turno,24,RN,Rio Grande do Norte,Região Nordeste,Lula (PT),José Serra (PSDB),Lula,José Serra,PT,PSDB,2º turno,2º turno,581.544,296.856,1.331.410,4368,223,2138,284.688,2.554.727,"1,63%",A UF tem 2.554.727 eleitores em 2022,"Isso equivale a 1,63% dos eleitores do Brasil"
2002,2,2º turno,24,RN,Rio Grande do Norte,Região Nordeste,Lula (PT),José Serra (PSDB),Lula,José Serra,PT,PSDB,Eleito,Não eleito,781.947,551.628,1.333.575,5864,4136,1728,230.319,2.554.727,"1,63%",A UF tem 2.554.727 eleitores em 2022,"Isso equivale a 1,63% dos eleitores do Brasil"
2006,1,1º turno,24,RN,Rio Grande do Norte,Região Nordeste,Lula (PT),Geraldo Alckmin (PSDB),Lula,Geraldo Alckmin,PT,PSDB,2º turno,2º turno,952.796,499.934,1.583.545,6017,3157,286,452.862,2.554.727,"1,63%",A UF tem 2.554.727 eleitores em 2022,"Isso equivale a 1,63% dos eleitores do Brasil"
2006,2,2º turno,24,RN,Rio Grande do Norte,Região Nordeste,Lula (PT),Geraldo Alckmin (PSDB),Lula,Geraldo Alckmin,PT,PSDB,Eleito,Não eleito,1.099.150,477.212,1.576.362,6973,3027,3946,621.938,2.554.727,"1,63%",A UF tem 2.554.727 eleitores em 2022,"Isso equivale a 1,63% dos eleitores do Brasil"
2010,1,1º turno,24,RN,Rio Grande do Norte,Região Nordeste,Dilma (PT),José Serra (PSDB),Dilma,José Serra,PT,PSDB,2º turno,2º turno,846.416,460.107,1.635.163,5176,2814,2362,386.309,2.554.727,"1,63%",A UF tem 2.554.727 eleitores em 2022,"Isso equivale a 1,63% dos eleitores do Brasil"
2010,2,2º turno,24,RN,Rio Grande do Norte,Região Nordeste,Dilma (PT),José Serra (PSDB),Dilma,José Serra,PT,PSDB,2º turno,2º turno,979.772,665.726,1.645.498,5954,4046,1908,314.046,2.554.727,"1,63%",A UF tem 2.554.727 eleitores em 2022,"Isso equivale a 1,63% dos eleitores do Brasil"
2014,1,1º turno,24,RN,Rio Grande do Norte,Região Nordeste,Dilma (PT),Aécio Neves (PSDB),Dilma,Aécio Neves,PT,PSDB,2º turno,2º turno,999.625,330.264,1.664.918,6004,1984,402,669.361,2.554.727,"1,63%",A UF tem 2.554.727 eleitores em 2022,"Isso equivale a 1,63% dos eleitores do Brasil"
2014,2,2º turno,24,RN,Rio Grande do Norte,Região Nordeste,Dilma (PT),Aécio Neves (PSDB),Dilma,Aécio Neves,PT,PSDB,Eleito,Não eleito,1.201.768,516.487,1.718.255,6994,3006,3988,685.281,2.554.727,"1,63%",A UF tem 2.554.727 eleitores em 2022,"Isso equivale a 1,63% dos eleitores do Brasil"
2018,1,1º turno,24,RN,Rio Grande do Norte,Região Nordeste,Fernando Haddad (PT),Jair Bolsonaro (PSL),Fernando Haddad,Jair Bolsonaro,PT,PSL,2º turno,2º turno,738.165,541.448,1.792.253,4119,3021,1098,196.717,2.554.727,"1,63%",A UF tem 2.554.727 eleitores em 2022,"Isso equivale a 1,63% dos eleitores do Brasil"
2018,2,2º turno,24,RN,Rio Grande do Norte,Região Nordeste,Fernando Haddad (PT),Jair Bolsonaro (PSL),Fernando Haddad,Jair Bolsonaro,PT,PSL,Não eleito,Eleito,1.131.027,652.562,1.783.589,6341,3659,2682,478.465,2.554.727,"1,63%",A UF tem 2.554.727 eleitores em 2022,"Isso equivale a 1,63% dos eleitores do Brasil"
2002,1,1º turno,11,RO,Rondônia,Região Norte,Lula (PT),José Serra (PSDB),Lula,José Serra,PT,PSDB,2º turno,2º turno,283.279,128,628.971,4504,2035,2469,155.279,1.230.987,"0,79%",A UF tem 1.230.987 eleitores em 2022,"Isso equivale a 0,79% dos eleitores do Brasil"
2002,2,2º turno,11,RO,Rondônia,Região Norte,Lula (PT),José Serra (PSDB),Lula,José Serra,PT,PSDB,Eleito,Não eleito,334.264,267.32,601.584,5556,4444,1112,66.944,1.230.987,"0,79%",A UF tem 1.230.987 eleitores em 2022,"Isso equivale a 0,79% dos eleitores do Brasil"
2006,1,1º turno,11,RO,Rondônia,Região Norte,Lula (PT),Geraldo Alckmin (PSDB),Lula,Geraldo Alckmin,PT,PSDB,2º turno,2º turno,329.598,344.096,731.42,4506,4704,-198,-14.498,1.230.987,"0,79%",A UF tem 1.230.987 eleitores em 2022,"Isso equivale a 0,79% dos eleitores do Brasil"
2006,2,2º turno,11,RO,Rondônia,Região Norte,Lula (PT),Geraldo Alckmin (PSDB),Lula,Geraldo Alckmin,PT,PSDB,Eleito,Não eleito,397.327,320.806,718.133,5533,4467,1066,76.521,1.230.987,"0,79%",A UF tem 1.230.987 eleitores em 2022,"Isso equivale a 0,79% dos eleitores do Brasil"
2010,1,1º turno,11,RO,Rondônia,Região Norte,Dilma (PT),José Serra (PSDB),Dilma,José Serra,PT,PSDB,2º turno,2º turno,321.712,358.435,789.664,4074,4539,-465,-36.723,1.230.987,"0,79%",A UF tem 1.230.987 eleitores em 2022,"Isso equivale a 0,79% dos eleitores do Brasil"
2010,2,2º turno,11,RO,Rondônia,Região Norte,Dilma (PT),José Serra (PSDB),Dilma,José Serra,PT,PSDB,2º turno,2º turno,347.138,385.735,732.873,4737,5263,-526,-38.597,1.230.987,"0,79%",A UF tem 1.230.987 eleitores em 2022,"Isso equivale a 0,79% dos eleitores do Brasil"
2014,1,1º turno,11,RO,Rondônia,Região Norte,Dilma (PT),Aécio Neves (PSDB),Dilma,Aécio Neves,PT,PSDB,2º turno,2º turno,345.305,371.937,828.232,4169,4491,-322,-26.632,1.230.987,"0,79%",A UF tem 1.230.987 eleitores em 2022,"Isso equivale a 0,79% dos eleitores do Brasil"
2014,2,2º turno,11,RO,Rondônia,Região Norte,Dilma (PT),Aécio Neves (PSDB),Dilma,Aécio Neves,PT,PSDB,Eleito,Não eleito,364.213,442.698,806.911,4514,5486,-972,-78.485,1.230.987,"0,79%",A UF tem 1.230.987 eleitores em 2022,"Isso equivale a 0,79% dos eleitores do Brasil"
2018,1,1º turno,11,RO,Rondônia,Região Norte,Fernando Haddad (PT),Jair Bolsonaro (PSL),Fernando Haddad,Jair Bolsonaro,PT,PSL,2º turno,2º turno,176.107,538.311,864.901,2036,6224,-4188,-362.204,1.230.987,"0,79%",A UF tem 1.230.987 eleitores em 2022,"Isso equivale a 0,79% dos eleitores do Brasil"
2018,2,2º turno,11,RO,Rondônia,Região Norte,Fernando Haddad (PT),Jair Bolsonaro (PSL),Fernando Haddad,Jair Bolsonaro,PT,PSL,Não eleito,Eleito,229.343,594.968,824.311,2782,7218,-4436,-365.625,1.230.987,"0,79%",A UF tem 1.230.987 eleitores em 2022,"Isso equivale a 0,79% dos eleitores do Brasil"
2002,1,1º turno,14,RR,Roraima,Região Norte,Lula (PT),José Serra (PSDB),Lula,José Serra,PT,PSDB,2º turno,2º turno,71.952,19.195,160.017,4497,12,3297,52.757,366.24,"0,23%",A UF tem 366.240 eleitores em 2022,"Isso equivale a 0,23% dos eleitores do Brasil"
2002,2,2º turno,14,RR,Roraima,Região Norte,Lula (PT),José Serra (PSDB),Lula,José Serra,PT,PSDB,Eleito,Não eleito,104.087,54.692,158.779,6555,3445,311,49.395,366.24,"0,23%",A UF tem 366.240 eleitores em 2022,"Isso equivale a 0,23% dos eleitores do Brasil"
2006,1,1º turno,14,RR,Roraima,Região Norte,Lula (PT),Geraldo Alckmin (PSDB),Lula,Geraldo Alckmin,PT,PSDB,2º turno,2º turno,49.433,112.908,189.022,2615,5973,-3358,-63.475,366.24,"0,23%",A UF tem 366.240 eleitores em 2022,"Isso equivale a 0,23% dos eleitores do Brasil"
2006,2,2º turno,14,RR,Roraima,Região Norte,Lula (PT),Geraldo Alckmin (PSDB),Lula,Geraldo Alckmin,PT,PSDB,Eleito,Não eleito,66.932,106.89,173.822,3851,6149,-2298,-39.958,366.24,"0,23%",A UF tem 366.240 eleitores em 2022,"Isso equivale a 0,23% dos eleitores do Brasil"
2010,1,1º turno,14,RR,Roraima,Região Norte,Dilma (PT),José Serra (PSDB),Dilma,José Serra,PT,PSDB,2º turno,2º turno,63.927,113.601,222.621,2872,5103,-2231,-49.674,366.24,"0,23%",A UF tem 366.240 eleitores em 2022,"Isso equivale a 0,23% dos eleitores do Brasil"
2010,2,2º turno,14,RR,Roraima,Região Norte,Dilma (PT),José Serra (PSDB),Dilma,José Serra,PT,PSDB,2º turno,2º turno,71.28,141.896,213.176,3344,6656,-3312,-70.616,366.24,"0,23%",A UF tem 366.240 eleitores em 2022,"Isso equivale a 0,23% dos eleitores do Brasil"
2014,1,1º turno,14,RR,Roraima,Região Norte,Dilma (PT),Aécio Neves (PSDB),Dilma,Aécio Neves,PT,PSDB,2º turno,2º turno,82.942,109.07,250.016,3317,4363,-1046,-26.128,366.24,"0,23%",A UF tem 366.240 eleitores em 2022,"Isso equivale a 0,23% dos eleitores do Brasil"
2014,2,2º turno,14,RR,Roraima,Região Norte,Dilma (PT),Aécio Neves (PSDB),Dilma,Aécio Neves,PT,PSDB,Eleito,Não eleito,97.425,139.752,237.177,4108,5892,-1784,-42.327,366.24,"0,23%",A UF tem 366.240 eleitores em 2022,"Isso equivale a 0,23% dos eleitores do Brasil"
2018,1,1º turno,14,RR,Roraima,Região Norte,Fernando Haddad (PT),Jair Bolsonaro (PSL),Fernando Haddad,Jair Bolsonaro,PT,PSL,2º turno,2º turno,49.406,174.306,276.788,1785,6297,-4512,-124.9,366.24,"0,23%",A UF tem 366.240 eleitores em 2022,"Isso equivale a 0,23% dos eleitores do Brasil"
2018,2,2º turno,14,RR,Roraima,Região Norte,Fernando Haddad (PT),Jair Bolsonaro (PSL),Fernando Haddad,Jair Bolsonaro,PT,PSL,Não eleito,Eleito,72.872,183.268,256.14,2845,7155,-431,-110.396,366.24,"0,23%",A UF tem 366.240 eleitores em 2022,"Isso equivale a 0,23% dos eleitores do Brasil"
2002,1,1º turno,43,RS,Rio Grande do Sul,Região Sul,Lula (PT),José Serra (PSDB),Lula,José Serra,PT,PSDB,2º turno,2º turno,2.667.451,1.913.186,5.903.760,4518,3241,1277,754.265,8.593.469,"5,49%",A UF tem 8.593.469 eleitores em 2022,"Isso equivale a 5,49% dos eleitores do Brasil"
2002,2,2º turno,43,RS,Rio Grande do Sul,Região Sul,Lula (PT),José Serra (PSDB),Lula,José Serra,PT,PSDB,Eleito,Não eleito,3.297.354,2.608.109,5.905.463,5584,4416,1168,689.245,8.593.469,"5,49%",A UF tem 8.593.469 eleitores em 2022,"Isso equivale a 5,49% dos eleitores do Brasil"
2006,1,1º turno,43,RS,Rio Grande do Sul,Região Sul,Lula (PT),Geraldo Alckmin (PSDB),Lula,Geraldo Alckmin,PT,PSDB,2º turno,2º turno,2.052.656,3.460.730,6.206.741,3307,5576,-2269,-1.408.074,8.593.469,"5,49%",A UF tem 8.593.469 eleitores em 2022,"Isso equivale a 5,49% dos eleitores do Brasil"
2006,2,2º turno,43,RS,Rio Grande do Sul,Região Sul,Lula (PT),Geraldo Alckmin (PSDB),Lula,Geraldo Alckmin,PT,PSDB,Eleito,Não eleito,2.811.658,3.485.916,6.297.574,4465,5535,-107,-674.258,8.593.469,"5,49%",A UF tem 8.593.469 eleitores em 2022,"Isso equivale a 5,49% dos eleitores do Brasil"
2010,1,1º turno,43,RS,Rio Grande do Sul,Região Sul,Dilma (PT),José Serra (PSDB),Dilma,José Serra,PT,PSDB,2º turno,2º turno,3.007.263,2.600.389,6.405.761,4695,4059,636,406.874,8.593.469,"5,49%",A UF tem 8.593.469 eleitores em 2022,"Isso equivale a 5,49% dos eleitores do Brasil"
2010,2,2º turno,43,RS,Rio Grande do Sul,Região Sul,Dilma (PT),José Serra (PSDB),Dilma,José Serra,PT,PSDB,2º turno,2º turno,3.117.761,3.237.207,6.354.968,4906,5094,-188,-119.446,8.593.469,"5,49%",A UF tem 8.593.469 eleitores em 2022,"Isso equivale a 5,49% dos eleitores do Brasil"
2014,1,1º turno,43,RS,Rio Grande do Sul,Região Sul,Dilma (PT),Aécio Neves (PSDB),Dilma,Aécio Neves,PT,PSDB,2º turno,2º turno,2.752.075,2.639.647,6.371.774,4319,4143,176,112.428,8.593.469,"5,49%",A UF tem 8.593.469 eleitores em 2022,"Isso equivale a 5,49% dos eleitores do Brasil"
2014,2,2º turno,43,RS,Rio Grande do Sul,Região Sul,Dilma (PT),Aécio Neves (PSDB),Dilma,Aécio Neves,PT,PSDB,Eleito,Não eleito,2.998.545,3.455.214,6.453.759,4646,5354,-708,-456.669,8.593.469,"5,49%",A UF tem 8.593.469 eleitores em 2022,"Isso equivale a 5,49% dos eleitores do Brasil"
2018,1,1º turno,43,RS,Rio Grande do Sul,Região Sul,Fernando Haddad (PT),Jair Bolsonaro (PSL),Fernando Haddad,Jair Bolsonaro,PT,PSL,2º turno,2º turno,1.453.291,3.353.623,6.372.436,2281,5263,-2982,-1.900.332,8.593.469,"5,49%",A UF tem 8.593.469 eleitores em 2022,"Isso equivale a 5,49% dos eleitores do Brasil"
2018,2,2º turno,43,RS,Rio Grande do Sul,Região Sul,Fernando Haddad (PT),Jair Bolsonaro (PSL),Fernando Haddad,Jair Bolsonaro,PT,PSL,Não eleito,Eleito,2.263.171,3.893.737,6.156.908,3676,6324,-2648,-1.630.566,8.593.469,"5,49%",A UF tem 8.593.469 eleitores em 2022,"Isso equivale a 5,49% dos eleitores do Brasil"
2002,1,1º turno,42,SC,Santa Catarina,Região Sul,Lula (PT),José Serra (PSDB),Lula,José Serra,PT,PSDB,2º turno,2º turno,1.719.739,707.239,3.038.457,566,2328,3332,1.012.500,5.489.658,"3,51%",A UF tem 5.489.658 eleitores em 2022,"Isso equivale a 3,51% dos eleitores do Brasil"
2002,2,2º turno,42,SC,Santa Catarina,Região Sul,Lula (PT),José Serra (PSDB),Lula,José Serra,PT,PSDB,Eleito,Não eleito,1.914.684,1.070.502,2.985.186,6414,3586,2828,844.182,5.489.658,"3,51%",A UF tem 5.489.658 eleitores em 2022,"Isso equivale a 3,51% dos eleitores do Brasil"
2006,1,1º turno,42,SC,Santa Catarina,Região Sul,Lula (PT),Geraldo Alckmin (PSDB),Lula,Geraldo Alckmin,PT,PSDB,2º turno,2º turno,1.108.851,1.889.277,3.337.622,3322,5661,-2339,-780.426,5.489.658,"3,51%",A UF tem 5.489.658 eleitores em 2022,"Isso equivale a 3,51% dos eleitores do Brasil"
2006,2,2º turno,42,SC,Santa Catarina,Região Sul,Lula (PT),Geraldo Alckmin (PSDB),Lula,Geraldo Alckmin,PT,PSDB,Eleito,Não eleito,1.481.344,1.776.776,3.258.120,4547,5453,-906,-295.432,5.489.658,"3,51%",A UF tem 5.489.658 eleitores em 2022,"Isso equivale a 3,51% dos eleitores do Brasil"
2010,1,1º turno,42,SC,Santa Catarina,Região Sul,Dilma (PT),José Serra (PSDB),Dilma,José Serra,PT,PSDB,2º turno,2º turno,1.402.566,1.658.161,3.623.129,3871,4577,-706,-255.595,5.489.658,"3,51%",A UF tem 5.489.658 eleitores em 2022,"Isso equivale a 3,51% dos eleitores do Brasil"
2010,2,2º turno,42,SC,Santa Catarina,Região Sul,Dilma (PT),José Serra (PSDB),Dilma,José Serra,PT,PSDB,2º turno,2º turno,1.556.226,2.030.135,3.586.361,4339,5661,-1322,-473.909,5.489.658,"3,51%",A UF tem 5.489.658 eleitores em 2022,"Isso equivale a 3,51% dos eleitores do Brasil"
2014,1,1º turno,42,SC,Santa Catarina,Região Sul,Dilma (PT),Aécio Neves (PSDB),Dilma,Aécio Neves,PT,PSDB,2º turno,2º turno,1.141.102,1.963.772,3.712.293,3074,529,-2216,-822.67,5.489.658,"3,51%",A UF tem 5.489.658 eleitores em 2022,"Isso equivale a 3,51% dos eleitores do Brasil"
2014,2,2º turno,42,SC,Santa Catarina,Região Sul,Dilma (PT),Aécio Neves (PSDB),Dilma,Aécio Neves,PT,PSDB,Eleito,Não eleito,1.354.775,2.472.142,3.826.917,354,646,-292,-1.117.367,5.489.658,"3,51%",A UF tem 5.489.658 eleitores em 2022,"Isso equivale a 3,51% dos eleitores do Brasil"
2018,1,1º turno,42,SC,Santa Catarina,Região Sul,Fernando Haddad (PT),Jair Bolsonaro (PSL),Fernando Haddad,Jair Bolsonaro,PT,PSL,2º turno,2º turno,598.578,2.603.665,3.955.783,1513,6582,-5069,-2.005.087,5.489.658,"3,51%",A UF tem 5.489.658 eleitores em 2022,"Isso equivale a 3,51% dos eleitores do Brasil"
2018,2,2º turno,42,SC,Santa Catarina,Região Sul,Fernando Haddad (PT),Jair Bolsonaro (PSL),Fernando Haddad,Jair Bolsonaro,PT,PSL,Não eleito,Eleito,940.724,2.966.242,3.906.966,2408,7592,-5184,-2.025.518,5.489.658,"3,51%",A UF tem 5.489.658 eleitores em 2022,"Isso equivale a 3,51% dos eleitores do Brasil"
2002,1,1º turno,28,SE,Sergipe,Região Nordeste,Lula (PT),José Serra (PSDB),Lula,José Serra,PT,PSDB,2º turno,2º turno,357.557,160.348,807.631,4427,1985,2442,197.209,1.671.801,"1,07%",A UF tem 1.671.801 eleitores em 2022,"Isso equivale a 1,07% dos eleitores do Brasil"
2002,2,2º turno,28,SE,Sergipe,Região Nordeste,Lula (PT),José Serra (PSDB),Lula,José Serra,PT,PSDB,Eleito,Não eleito,490.989,362.923,853.912,575,425,15,128.066,1.671.801,"1,07%",A UF tem 1.671.801 eleitores em 2022,"Isso equivale a 1,07% dos eleitores do Brasil"
2006,1,1º turno,28,SE,Sergipe,Região Nordeste,Lula (PT),Geraldo Alckmin (PSDB),Lula,Geraldo Alckmin,PT,PSDB,2º turno,2º turno,476.399,446.454,1.006.465,4733,4436,297,29.945,1.671.801,"1,07%",A UF tem 1.671.801 eleitores em 2022,"Isso equivale a 1,07% dos eleitores do Brasil"
2006,2,2º turno,28,SE,Sergipe,Região Nordeste,Lula (PT),Geraldo Alckmin (PSDB),Lula,Geraldo Alckmin,PT,PSDB,Eleito,Não eleito,611.337,404.897,1.016.234,6016,3984,2032,206.44,1.671.801,"1,07%",A UF tem 1.671.801 eleitores em 2022,"Isso equivale a 1,07% dos eleitores do Brasil"
2010,1,1º turno,28,SE,Sergipe,Região Nordeste,Dilma (PT),José Serra (PSDB),Dilma,José Serra,PT,PSDB,2º turno,2º turno,506.802,404.584,1.063.254,4767,3805,962,102.218,1.671.801,"1,07%",A UF tem 1.671.801 eleitores em 2022,"Isso equivale a 1,07% dos eleitores do Brasil"
2010,2,2º turno,28,SE,Sergipe,Região Nordeste,Dilma (PT),José Serra (PSDB),Dilma,José Serra,PT,PSDB,2º turno,2º turno,568.862,493.28,1.062.142,5356,4644,712,75.582,1.671.801,"1,07%",A UF tem 1.671.801 eleitores em 2022,"Isso equivale a 1,07% dos eleitores do Brasil"
2014,1,1º turno,28,SE,Sergipe,Região Nordeste,Dilma (PT),Aécio Neves (PSDB),Dilma,Aécio Neves,PT,PSDB,2º turno,2º turno,601.74,248.756,1.095.939,5491,227,3221,352.984,1.671.801,"1,07%",A UF tem 1.671.801 eleitores em 2022,"Isso equivale a 1,07% dos eleitores do Brasil"
2014,2,2º turno,28,SE,Sergipe,Região Nordeste,Dilma (PT),Aécio Neves (PSDB),Dilma,Aécio Neves,PT,PSDB,Eleito,Não eleito,772.482,380.654,1.153.136,6699,3301,3398,391.828,1.671.801,"1,07%",A UF tem 1.671.801 eleitores em 2022,"Isso equivale a 1,07% dos eleitores do Brasil"
2018,1,1º turno,28,SE,Sergipe,Região Nordeste,Fernando Haddad (PT),Jair Bolsonaro (PSL),Fernando Haddad,Jair Bolsonaro,PT,PSL,2º turno,2º turno,571.234,310.31,1.140.380,5009,2721,2288,260.924,1.671.801,"1,07%",A UF tem 1.671.801 eleitores em 2022,"Isso equivale a 1,07% dos eleitores do Brasil"
2018,2,2º turno,28,SE,Sergipe,Região Nordeste,Fernando Haddad (PT),Jair Bolsonaro (PSL),Fernando Haddad,Jair Bolsonaro,PT,PSL,Não eleito,Eleito,759.061,364.86,1.123.921,6754,3246,3508,394.201,1.671.801,"1,07%",A UF tem 1.671.801 eleitores em 2022,"Isso equivale a 1,07% dos eleitores do Brasil"
2002,1,1º turno,35,SP,São Paulo,Região Sudeste,Lula (PT),José Serra (PSDB),Lula,José Serra,PT,PSDB,2º turno,2º turno,9.106.914,5.633.365,19.749.403,4611,2852,1759,3.473.549,34.667.793,"22,16%",A UF tem 34.667.793 eleitores em 2022,"Isso equivale a 22,16% dos eleitores do Brasil"
2002,2,2º turno,35,SP,São Paulo,Região Sudeste,Lula (PT),José Serra (PSDB),Lula,José Serra,PT,PSDB,Eleito,Não eleito,11.264.282,9.073.187,20.337.469,5539,4461,1078,2.191.095,34.667.793,"22,16%",A UF tem 34.667.793 eleitores em 2022,"Isso equivale a 22,16% dos eleitores do Brasil"
2006,1,1º turno,35,SP,São Paulo,Região Sudeste,Lula (PT),Geraldo Alckmin (PSDB),Lula,Geraldo Alckmin,PT,PSDB,2º turno,2º turno,8.091.867,11.927.802,22.009.043,3677,542,-1743,-3.835.935,34.667.793,"22,16%",A UF tem 34.667.793 eleitores em 2022,"Isso equivale a 22,16% dos eleitores do Brasil"
2006,2,2º turno,35,SP,São Paulo,Região Sudeste,Lula (PT),Geraldo Alckmin (PSDB),Lula,Geraldo Alckmin,PT,PSDB,Eleito,Não eleito,10.684.776,11.696.938,22.381.714,4774,5226,-452,-1.012.162,34.667.793,"22,16%",A UF tem 34.667.793 eleitores em 2022,"Isso equivale a 22,16% dos eleitores do Brasil"
2010,1,1º turno,35,SP,São Paulo,Região Sudeste,Dilma (PT),José Serra (PSDB),Dilma,José Serra,PT,PSDB,2º turno,2º turno,8.740.949,9.524.050,23.426.299,3731,4066,-335,-783.101,34.667.793,"22,16%",A UF tem 34.667.793 eleitores em 2022,"Isso equivale a 22,16% dos eleitores do Brasil"
2010,2,2º turno,35,SP,São Paulo,Região Sudeste,Dilma (PT),José Serra (PSDB),Dilma,José Serra,PT,PSDB,2º turno,2º turno,10.462.447,12.308.483,22.770.930,4595,5405,-81,-1.846.036,34.667.793,"22,16%",A UF tem 34.667.793 eleitores em 2022,"Isso equivale a 22,16% dos eleitores do Brasil"
2014,1,1º turno,35,SP,São Paulo,Região Sudeste,Dilma (PT),Aécio Neves (PSDB),Dilma,Aécio Neves,PT,PSDB,2º turno,2º turno,5.930.661,10.165.921,22.980.372,2581,4424,-1843,-4.235.260,34.667.793,"22,16%",A UF tem 34.667.793 eleitores em 2022,"Isso equivale a 22,16% dos eleitores do Brasil"
2014,2,2º turno,35,SP,São Paulo,Região Sudeste,Dilma (PT),Aécio Neves (PSDB),Dilma,Aécio Neves,PT,PSDB,Eleito,Não eleito,8.492.620,15.311.664,23.804.284,3568,6432,-2864,-6.819.044,34.667.793,"22,16%",A UF tem 34.667.793 eleitores em 2022,"Isso equivale a 22,16% dos eleitores do Brasil"
2018,1,1º turno,35,SP,São Paulo,Região Sudeste,Fernando Haddad (PT),Jair Bolsonaro (PSL),Fernando Haddad,Jair Bolsonaro,PT,PSL,2º turno,2º turno,3.833.982,12.378.012,23.352.779,1642,53,-3658,-8.544.030,34.667.793,"22,16%",A UF tem 34.667.793 eleitores em 2022,"Isso equivale a 22,16% dos eleitores do Brasil"
2018,2,2º turno,35,SP,São Paulo,Região Sudeste,Fernando Haddad (PT),Jair Bolsonaro (PSL),Fernando Haddad,Jair Bolsonaro,PT,PSL,Não eleito,Eleito,7.212.132,15.306.023,22.518.155,3203,6797,-3594,-8.093.891,34.667.793,"22,16%",A UF tem 34.667.793 eleitores em 2022,"Isso equivale a 22,16% dos eleitores do Brasil"
2002,1,1º turno,17,TO,Tocantins,Região Norte,Lula (PT),José Serra (PSDB),Lula,José Serra,PT,PSDB,2º turno,2º turno,225.291,177.547,522.667,431,3397,913,47.744,1.094.003,"0,70%",A UF tem 1.094.003 eleitores em 2022,"Isso equivale a 0,70% dos eleitores do Brasil"
2002,2,2º turno,17,TO,Tocantins,Região Norte,Lula (PT),José Serra (PSDB),Lula,José Serra,PT,PSDB,Eleito,Não eleito,288.405,245.349,533.754,5403,4597,806,43.056,1.094.003,"0,70%",A UF tem 1.094.003 eleitores em 2022,"Isso equivale a 0,70% dos eleitores do Brasil"
2006,1,1º turno,17,TO,Tocantins,Região Norte,Lula (PT),Geraldo Alckmin (PSDB),Lula,Geraldo Alckmin,PT,PSDB,2º turno,2º turno,392.151,249.544,668.928,5862,3731,2131,142.607,1.094.003,"0,70%",A UF tem 1.094.003 eleitores em 2022,"Isso equivale a 0,70% dos eleitores do Brasil"
2006,2,2º turno,17,TO,Tocantins,Região Norte,Lula (PT),Geraldo Alckmin (PSDB),Lula,Geraldo Alckmin,PT,PSDB,Eleito,Não eleito,447.849,189.491,637.34,7027,2973,4054,258.358,1.094.003,"0,70%",A UF tem 1.094.003 eleitores em 2022,"Isso equivale a 0,70% dos eleitores do Brasil"
2010,1,1º turno,17,TO,Tocantins,Região Norte,Dilma (PT),José Serra (PSDB),Dilma,José Serra,PT,PSDB,2º turno,2º turno,362.383,198.979,710.864,5098,2799,2299,163.404,1.094.003,"0,70%",A UF tem 1.094.003 eleitores em 2022,"Isso equivale a 0,70% dos eleitores do Brasil"
2010,2,2º turno,17,TO,Tocantins,Região Norte,Dilma (PT),José Serra (PSDB),Dilma,José Serra,PT,PSDB,2º turno,2º turno,391.279,273.306,664.585,5888,4112,1776,117.973,1.094.003,"0,70%",A UF tem 1.094.003 eleitores em 2022,"Isso equivale a 0,70% dos eleitores do Brasil"
2014,1,1º turno,17,TO,Tocantins,Região Norte,Dilma (PT),Aécio Neves (PSDB),Dilma,Aécio Neves,PT,PSDB,2º turno,2º turno,368.431,203.183,733.776,5021,2769,2252,165.248,1.094.003,"0,70%",A UF tem 1.094.003 eleitores em 2022,"Isso equivale a 0,70% dos eleitores do Brasil"
2014,2,2º turno,17,TO,Tocantins,Região Norte,Dilma (PT),Aécio Neves (PSDB),Dilma,Aécio Neves,PT,PSDB,Eleito,Não eleito,428.774,292.176,720.95,5947,4053,1894,136.598,1.094.003,"0,70%",A UF tem 1.094.003 eleitores em 2022,"Isso equivale a 0,70% dos eleitores do Brasil"
2018,1,1º turno,17,TO,Tocantins,Região Norte,Fernando Haddad (PT),Jair Bolsonaro (PSL),Fernando Haddad,Jair Bolsonaro,PT,PSL,2º turno,2º turno,311.212,337.782,756.76,4112,4464,-352,-26.57,1.094.003,"0,70%",A UF tem 1.094.003 eleitores em 2022,"Isso equivale a 0,70% dos eleitores do Brasil"
2018,2,2º turno,17,TO,Tocantins,Região Norte,Fernando Haddad (PT),Jair Bolsonaro (PSL),Fernando Haddad,Jair Bolsonaro,PT,PSL,Não eleito,Eleito,371.593,356.684,728.277,5102,4898,204,14.909,1.094.003,"0,70%",A UF tem 1.094.003 eleitores em 2022,"Isso equivale a 0,70% dos eleitores do Brasil"
2010,1,1º turno,-,VT,-,Voto em trânsito,Dilma (PT),José Serra (PSDB),Dilma,José Serra,PT,PSDB,2º turno,2º turno,25.331,20.173,64.698,3915,3118,797,5.158,-,-,-,-
2010,2,2º turno,-,VT,-,Voto em trânsito,Dilma (PT),José Serra (PSDB),Dilma,José Serra,PT,PSDB,2º turno,2º turno,28.018,25.017,53.035,5283,4717,566,3.001,-,-,-,-
2006,1,1º turno,-,ZZ,-,Exterior,Lula (PT),Geraldo Alckmin (PSDB),Lula,Geraldo Alckmin,PT,PSDB,2º turno,2º turno,15.551,17.513,39.077,398,4482,-502,-1.962,697.078,"0,45%",O Exterior tem 697.078 eleitores em 2022,"Isso equivale a 0,45% dos eleitores do Brasil"
2006,2,2º turno,-,ZZ,-,Exterior,Lula (PT),Geraldo Alckmin (PSDB),Lula,Geraldo Alckmin,PT,PSDB,Eleito,Não eleito,17.948,20.912,38.86,4619,5381,-762,-2.964,697.078,"0,45%",O Exterior tem 697.078 eleitores em 2022,"Isso equivale a 0,45% dos eleitores do Brasil"
2010,1,1º turno,-,ZZ,-,Exterior,Dilma (PT),José Serra (PSDB),Dilma,José Serra,PT,PSDB,2º turno,2º turno,31.036,33.933,84.303,3681,4025,-344,-2.897,697.078,"0,45%",O Exterior tem 697.078 eleitores em 2022,"Isso equivale a 0,45% dos eleitores do Brasil"
2010,2,2º turno,-,ZZ,-,Exterior,Dilma (PT),José Serra (PSDB),Dilma,José Serra,PT,PSDB,2º turno,2º turno,33.112,47.913,81.025,4087,5913,-1826,-14.801,697.078,"0,45%",O Exterior tem 697.078 eleitores em 2022,"Isso equivale a 0,45% dos eleitores do Brasil"
2014,1,1º turno,-,ZZ,-,Exterior,Dilma (PT),Aécio Neves (PSDB),Dilma,Aécio Neves,PT,PSDB,2º turno,2º turno,24.353,65.713,132.739,1835,4951,-3116,-41.36,697.078,"0,45%",O Exterior tem 697.078 eleitores em 2022,"Isso equivale a 0,45% dos eleitores do Brasil"
2014,2,2º turno,-,ZZ,-,Exterior,Dilma (PT),Aécio Neves (PSDB),Dilma,Aécio Neves,PT,PSDB,Eleito,Não eleito,31.059,104.121,135.18,2298,7702,-5404,-73.062,697.078,"0,45%",O Exterior tem 697.078 eleitores em 2022,"Isso equivale a 0,45% dos eleitores do Brasil"
2018,1,1º turno,-,ZZ,-,Exterior,Fernando Haddad (PT),Jair Bolsonaro (PSL),Fernando Haddad,Jair Bolsonaro,PT,PSL,2º turno,2º turno,19.54,113.69,193.381,101,5879,-4869,-94.15,697.078,"0,45%",O Exterior tem 697.078 eleitores em 2022,"Isso equivale a 0,45% dos eleitores do Brasil"
2018,2,2º turno,-,ZZ,-,Exterior,Fernando Haddad (PT),Jair Bolsonaro (PSL),Fernando Haddad,Jair Bolsonaro,PT,PSL,Não eleito,Eleito,53.73,131.671,185.401,2898,7102,-4204,-77.941,697.078,"0,45%",O Exterior tem 697.078 eleitores em 2022,"Isso equivale a 0,45% dos eleitores do Brasil"