ano_eleicao,nr_turno,nr_turno_str,codigo_uf,sg_uf,nm_uf,regiao,cand_partido_1,cand_partido_2,candidato_1,candidato_2,partido_1,partido_2,situacao_1,situacao_2,votos_1,votos_2,votos_total,perc_1,perc_2,diferenca_pp,diferenca_absoluta,qtd_elei_2022,perc_elei_2022,perc_elei_2022_opacity,qtd_elei_2022_str,perc_elei_2022_str
2002,2,2º turno,12,AC,Acre,Região Norte,Lula (PT),José Serra (PSDB),Lula,José Serra,PT,PSDB,Eleito,Não eleito,140.363,93.803,234.166,"59,94","40,06","+19,88",+46.560,588.433,"0,38%",0.38,A UF tem 588.433 eleitores em 2022,"Isso equivale a 0,38% dos eleitores do Brasil"
2002,1,1º turno,12,AC,Acre,Região Norte,Lula (PT),José Serra (PSDB),Lula,José Serra,PT,PSDB,2º turno,2º turno,123.999,50.25,264.889,"46,81","18,97","+27,84",+73.749,588.433,"0,38%",0.38,A UF tem 588.433 eleitores em 2022,"Isso equivale a 0,38% dos eleitores do Brasil"
2006,1,1º turno,12,AC,Acre,Região Norte,Lula (PT),Geraldo Alckmin (PSDB),Lula,Geraldo Alckmin,PT,PSDB,2º turno,2º turno,133.221,161.889,312.606,"42,62","51,79","-9,17",-28.668,588.433,"0,38%",0.38,A UF tem 588.433 eleitores em 2022,"Isso equivale a 0,38% dos eleitores do Brasil"
2006,2,2º turno,12,AC,Acre,Região Norte,Lula (PT),Geraldo Alckmin (PSDB),Lula,Geraldo Alckmin,PT,PSDB,Eleito,Não eleito,151.584,137.911,289.495,"52,36","47,64","+4,72",+13.673,588.433,"0,38%",0.38,A UF tem 588.433 eleitores em 2022,"Isso equivale a 0,38% dos eleitores do Brasil"
2010,2,2º turno,12,AC,Acre,Região Norte,Dilma (PT),José Serra (PSDB),Dilma,José Serra,PT,PSDB,2º turno,2º turno,96.969,222.766,319.735,"30,33","69,67","-39,34",-125.797,588.433,"0,38%",0.38,A UF tem 588.433 eleitores em 2022,"Isso equivale a 0,38% dos eleitores do Brasil"
2010,1,1º turno,12,AC,Acre,Região Norte,Dilma (PT),José Serra (PSDB),Dilma,José Serra,PT,PSDB,2º turno,2º turno,82.733,180.252,345.821,"23,92","52,12","-28,2",-97.519,588.433,"0,38%",0.38,A UF tem 588.433 eleitores em 2022,"Isso equivale a 0,38% dos eleitores do Brasil"
2014,2,2º turno,12,AC,Acre,Região Norte,Dilma (PT),Aécio Neves (PSDB),Dilma,Aécio Neves,PT,PSDB,Eleito,Não eleito,138.982,243.677,382.659,"36,32","63,68","-27,36",-104.695,588.433,"0,38%",0.38,A UF tem 588.433 eleitores em 2022,"Isso equivale a 0,38% dos eleitores do Brasil"
2014,1,1º turno,12,AC,Acre,Região Norte,Dilma (PT),Aécio Neves (PSDB),Dilma,Aécio Neves,PT,PSDB,2º turno,2º turno,111.641,116.109,399.135,"27,97","29,09","-1,12",-4.468,588.433,"0,38%",0.38,A UF tem 588.433 eleitores em 2022,"Isso equivale a 0,38% dos eleitores do Brasil"
2018,1,1º turno,12,AC,Acre,Região Norte,Fernando Haddad (PT),Jair Bolsonaro (PSL),Fernando Haddad,Jair Bolsonaro,PT,PSL,2º turno,2º turno,78.17,262.508,421.778,"18,53","62,24","-43,71",-184.338,588.433,"0,38%",0.38,A UF tem 588.433 eleitores em 2022,"Isso equivale a 0,38% dos eleitores do Brasil"
2018,2,2º turno,12,AC,Acre,Região Norte,Fernando Haddad (PT),Jair Bolsonaro (PSL),Fernando Haddad,Jair Bolsonaro,PT,PSL,Não eleito,Eleito,86.977,294.899,381.876,"22,78","77,22","-54,44",-207.922,588.433,"0,38%",0.38,A UF tem 588.433 eleitores em 2022,"Isso equivale a 0,38% dos eleitores do Brasil"
2002,2,2º turno,27,AL,Alagoas,Região Nordeste,Lula (PT),José Serra (PSDB),Lula,José Serra,PT,PSDB,Eleito,Não eleito,477.009,616.902,1.093.911,"43,61","56,39","-12,78",-139.893,2.325.656,"1,49%",1.49,A UF tem 2.325.656 eleitores em 2022,"Isso equivale a 1,49% dos eleitores do Brasil"
2002,1,1º turno,27,AL,Alagoas,Região Nordeste,Lula (PT),José Serra (PSDB),Lula,José Serra,PT,PSDB,2º turno,2º turno,307.751,314.739,1.076.186,"28,6","29,25","-0,65",-6.988,2.325.656,"1,49%",1.49,A UF tem 2.325.656 eleitores em 2022,"Isso equivale a 1,49% dos eleitores do Brasil"
2006,1,1º turno,27,AL,Alagoas,Região Nordeste,Lula (PT),Geraldo Alckmin (PSDB),Lula,Geraldo Alckmin,PT,PSDB,2º turno,2º turno,625.162,506.722,1.340.715,"46,63","37,79","+8,84",+118.440,2.325.656,"1,49%",1.49,A UF tem 2.325.656 eleitores em 2022,"Isso equivale a 1,49% dos eleitores do Brasil"
2006,2,2º turno,27,AL,Alagoas,Região Nordeste,Lula (PT),Geraldo Alckmin (PSDB),Lula,Geraldo Alckmin,PT,PSDB,Eleito,Não eleito,822.505,516.059,1.338.564,"61,45","38,55","+22,9",+306.446,2.325.656,"1,49%",1.49,A UF tem 2.325.656 eleitores em 2022,"Isso equivale a 1,49% dos eleitores do Brasil"
2010,1,1º turno,27,AL,Alagoas,Região Nordeste,Dilma (PT),José Serra (PSDB),Dilma,José Serra,PT,PSDB,2º turno,2º turno,709.844,508.232,1.394.079,"50,92","36,46","+14,46",+201.612,2.325.656,"1,49%",1.49,A UF tem 2.325.656 eleitores em 2022,"Isso equivale a 1,49% dos eleitores do Brasil"
2010,2,2º turno,27,AL,Alagoas,Região Nordeste,Dilma (PT),José Serra (PSDB),Dilma,José Serra,PT,PSDB,2º turno,2º turno,737.236,637.368,1.374.604,"53,63","46,37","+7,26",+99.868,2.325.656,"1,49%",1.49,A UF tem 2.325.656 eleitores em 2022,"Isso equivale a 1,49% dos eleitores do Brasil"
2014,2,2º turno,27,AL,Alagoas,Região Nordeste,Dilma (PT),Aécio Neves (PSDB),Dilma,Aécio Neves,PT,PSDB,Eleito,Não eleito,941.445,574.322,1.515.767,"62,11","37,89","+24,22",+367.123,2.325.656,"1,49%",1.49,A UF tem 2.325.656 eleitores em 2022,"Isso equivale a 1,49% dos eleitores do Brasil"
2014,1,1º turno,27,AL,Alagoas,Região Nordeste,Dilma (PT),Aécio Neves (PSDB),Dilma,Aécio Neves,PT,PSDB,2º turno,2º turno,703.809,311.83,1.409.536,"49,93","22,12","+27,81",+391.979,2.325.656,"1,49%",1.49,A UF tem 2.325.656 eleitores em 2022,"Isso equivale a 1,49% dos eleitores do Brasil"
2018,1,1º turno,27,AL,Alagoas,Região Nordeste,Fernando Haddad (PT),Jair Bolsonaro (PSL),Fernando Haddad,Jair Bolsonaro,PT,PSL,2º turno,2º turno,687.247,528.355,1.535.746,"44,75","34,4","+10,35",+158.892,2.325.656,"1,49%",1.49,A UF tem 2.325.656 eleitores em 2022,"Isso equivale a 1,49% dos eleitores do Brasil"
2018,2,2º turno,27,AL,Alagoas,Região Nordeste,Fernando Haddad (PT),Jair Bolsonaro (PSL),Fernando Haddad,Jair Bolsonaro,PT,PSL,Não eleito,Eleito,912.034,610.093,1.522.127,"59,92","40,08","+19,84",+301.941,2.325.656,"1,49%",1.49,A UF tem 2.325.656 eleitores em 2022,"Isso equivale a 1,49% dos eleitores do Brasil"
2002,1,1º turno,13,AM,Amazonas,Região Norte,Lula (PT),José Serra (PSDB),Lula,José Serra,PT,PSDB,2º turno,2º turno,530.246,166.145,1.111.042,"47,73","14,95","+32,78",+364.101,2.647.748,"1,69%",1.69,A UF tem 2.647.748 eleitores em 2022,"Isso equivale a 1,69% dos eleitores do Brasil"
2002,2,2º turno,13,AM,Amazonas,Região Norte,Lula (PT),José Serra (PSDB),Lula,José Serra,PT,PSDB,Eleito,Não eleito,722.034,311.175,1.033.209,"69,88","30,12","+39,76",+410.859,2.647.748,"1,69%",1.69,A UF tem 2.647.748 eleitores em 2022,"Isso equivale a 1,69% dos eleitores do Brasil"
2006,1,1º turno,13,AM,Amazonas,Região Norte,Lula (PT),Geraldo Alckmin (PSDB),Lula,Geraldo Alckmin,PT,PSDB,2º turno,2º turno,1.070.656,170.785,1.371.508,"78,06","12,45","+65,61",+899.871,2.647.748,"1,69%",1.69,A UF tem 2.647.748 eleitores em 2022,"Isso equivale a 1,69% dos eleitores do Brasil"
2006,2,2º turno,13,AM,Amazonas,Região Norte,Lula (PT),Geraldo Alckmin (PSDB),Lula,Geraldo Alckmin,PT,PSDB,Eleito,Não eleito,1.159.709,176.338,1.336.047,"86,8","13,2","+73,6",+983.371,2.647.748,"1,69%",1.69,A UF tem 2.647.748 eleitores em 2022,"Isso equivale a 1,69% dos eleitores do Brasil"
2010,1,1º turno,13,AM,Amazonas,Região Norte,Dilma (PT),José Serra (PSDB),Dilma,José Serra,PT,PSDB,2º turno,2º turno,991.128,129.19,1.525.174,"64,98","8,47","+56,51",+861.938,2.647.748,"1,69%",1.69,A UF tem 2.647.748 eleitores em 2022,"Isso equivale a 1,69% dos eleitores do Brasil"
2010,2,2º turno,13,AM,Amazonas,Região Norte,Dilma (PT),José Serra (PSDB),Dilma,José Serra,PT,PSDB,2º turno,2º turno,1.141.607,275.333,1.416.940,"80,57","19,43","+61,14",+866.274,2.647.748,"1,69%",1.69,A UF tem 2.647.748 eleitores em 2022,"Isso equivale a 1,69% dos eleitores do Brasil"
2014,2,2º turno,13,AM,Amazonas,Região Norte,Dilma (PT),Aécio Neves (PSDB),Dilma,Aécio Neves,PT,PSDB,Eleito,Não eleito,1.033.457,556.545,1.590.002,65,35,+30,+476.912,2.647.748,"1,69%",1.69,A UF tem 2.647.748 eleitores em 2022,"Isso equivale a 1,69% dos eleitores do Brasil"
2014,1,1º turno,13,AM,Amazonas,Região Norte,Dilma (PT),Aécio Neves (PSDB),Dilma,Aécio Neves,PT,PSDB,2º turno,2º turno,915.299,326.257,1.679.115,"54,51","19,43","+35,08",+589.042,2.647.748,"1,69%",1.69,A UF tem 2.647.748 eleitores em 2022,"Isso equivale a 1,69% dos eleitores do Brasil"
2018,1,1º turno,13,AM,Amazonas,Região Norte,Fernando Haddad (PT),Jair Bolsonaro (PSL),Fernando Haddad,Jair Bolsonaro,PT,PSL,2º turno,2º turno,746.998,805.902,1.853.591,"40,3","43,48","-3,18",-58.904,2.647.748,"1,69%",1.69,A UF tem 2.647.748 eleitores em 2022,"Isso equivale a 1,69% dos eleitores do Brasil"
2018,2,2º turno,13,AM,Amazonas,Região Norte,Fernando Haddad (PT),Jair Bolsonaro (PSL),Fernando Haddad,Jair Bolsonaro,PT,PSL,Não eleito,Eleito,875.845,885.401,1.761.246,"49,73","50,27","-0,54",-9.556,2.647.748,"1,69%",1.69,A UF tem 2.647.748 eleitores em 2022,"Isso equivale a 1,69% dos eleitores do Brasil"
2002,2,2º turno,16,AP,Amapá,Região Norte,Lula (PT),José Serra (PSDB),Lula,José Serra,PT,PSDB,Eleito,Não eleito,171.85,55.723,227.573,"75,51","24,49","+51,02",+116.127,550.687,"0,35%",0.35,A UF tem 550.687 eleitores em 2022,"Isso equivale a 0,35% dos eleitores do Brasil"
2002,1,1º turno,16,AP,Amapá,Região Norte,Lula (PT),José Serra (PSDB),Lula,José Serra,PT,PSDB,2º turno,2º turno,116.507,20.537,233.273,"49,94","8,8","+41,14",+95.970,550.687,"0,35%",0.35,A UF tem 550.687 eleitores em 2022,"Isso equivale a 0,35% dos eleitores do Brasil"
2006,2,2º turno,16,AP,Amapá,Região Norte,Lula (PT),Geraldo Alckmin (PSDB),Lula,Geraldo Alckmin,PT,PSDB,Eleito,Não eleito,191.698,80.601,272.299,"70,4","29,6","+40,8",+111.097,550.687,"0,35%",0.35,A UF tem 550.687 eleitores em 2022,"Isso equivale a 0,35% dos eleitores do Brasil"
2006,1,1º turno,16,AP,Amapá,Região Norte,Lula (PT),Geraldo Alckmin (PSDB),Lula,Geraldo Alckmin,PT,PSDB,2º turno,2º turno,160.675,95.07,295.379,"54,4","32,19","+22,21",+65.605,550.687,"0,35%",0.35,A UF tem 550.687 eleitores em 2022,"Isso equivale a 0,35% dos eleitores do Brasil"
2010,2,2º turno,16,AP,Amapá,Região Norte,Dilma (PT),José Serra (PSDB),Dilma,José Serra,PT,PSDB,2º turno,2º turno,198.644,118.36,317.004,"62,66","37,34","+25,32",+80.284,550.687,"0,35%",0.35,A UF tem 550.687 eleitores em 2022,"Isso equivale a 0,35% dos eleitores do Brasil"
2010,1,1º turno,16,AP,Amapá,Região Norte,Dilma (PT),José Serra (PSDB),Dilma,José Serra,PT,PSDB,2º turno,2º turno,161.443,72.774,340.74,"47,38","21,36","+26,02",+88.669,550.687,"0,35%",0.35,A UF tem 550.687 eleitores em 2022,"Isso equivale a 0,35% dos eleitores do Brasil"
2014,2,2º turno,16,AP,Amapá,Região Norte,Dilma (PT),Aécio Neves (PSDB),Dilma,Aécio Neves,PT,PSDB,Eleito,Não eleito,227.509,142.78,370.289,"61,44","38,56","+22,88",+84.729,550.687,"0,35%",0.35,A UF tem 550.687 eleitores em 2022,"Isso equivale a 0,35% dos eleitores do Brasil"
2014,1,1º turno,16,AP,Amapá,Região Norte,Dilma (PT),Aécio Neves (PSDB),Dilma,Aécio Neves,PT,PSDB,2º turno,2º turno,199.016,99.125,389.599,"51,08","25,44","+25,64",+99.891,550.687,"0,35%",0.35,A UF tem 550.687 eleitores em 2022,"Isso equivale a 0,35% dos eleitores do Brasil"
2018,2,2º turno,16,AP,Amapá,Região Norte,Fernando Haddad (PT),Jair Bolsonaro (PSL),Fernando Haddad,Jair Bolsonaro,PT,PSL,Não eleito,Eleito,183.616,185.096,368.712,"49,8","50,2","-0,4",-1.480,550.687,"0,35%",0.35,A UF tem 550.687 eleitores em 2022,"Isso equivale a 0,35% dos eleitores do Brasil"
2018,1,1º turno,16,AP,Amapá,Região Norte,Fernando Haddad (PT),Jair Bolsonaro (PSL),Fernando Haddad,Jair Bolsonaro,PT,PSL,2º turno,2º turno,134.287,166.935,409.757,"32,77","40,74","-7,97",-32.648,550.687,"0,35%",0.35,A UF tem 550.687 eleitores em 2022,"Isso equivale a 0,35% dos eleitores do Brasil"
2002,2,2º turno,29,BA,Bahia,Região Nordeste,Lula (PT),José Serra (PSDB),Lula,José Serra,PT,PSDB,Eleito,Não eleito,3.710.900,1.937.780,5.648.680,"65,69","34,31","+31,38",+1.773.120,11.291.528,"7,22%",7.22,A UF tem 11.291.528 eleitores em 2022,"Isso equivale a 7,22% dos eleitores do Brasil"
2002,1,1º turno,29,BA,Bahia,Região Nordeste,Lula (PT),José Serra (PSDB),Lula,José Serra,PT,PSDB,2º turno,2º turno,2.899.280,884.291,5.245.047,"55,28","16,86","+38,42",+2.014.989,11.291.528,"7,22%",7.22,A UF tem 11.291.528 eleitores em 2022,"Isso equivale a 7,22% dos eleitores do Brasil"
2006,1,1º turno,29,BA,Bahia,Região Nordeste,Lula (PT),Geraldo Alckmin (PSDB),Lula,Geraldo Alckmin,PT,PSDB,2º turno,2º turno,4.293.200,1.676.484,6.441.057,"66,65","26,03","+40,62",+2.616.716,11.291.528,"7,22%",7.22,A UF tem 11.291.528 eleitores em 2022,"Isso equivale a 7,22% dos eleitores do Brasil"
2006,2,2º turno,29,BA,Bahia,Região Nordeste,Lula (PT),Geraldo Alckmin (PSDB),Lula,Geraldo Alckmin,PT,PSDB,Eleito,Não eleito,5.188.314,1.456.417,6.644.731,"78,08","21,92","+56,16",+3.731.897,11.291.528,"7,22%",7.22,A UF tem 11.291.528 eleitores em 2022,"Isso equivale a 7,22% dos eleitores do Brasil"
2010,1,1º turno,29,BA,Bahia,Região Nordeste,Dilma (PT),José Serra (PSDB),Dilma,José Serra,PT,PSDB,2º turno,2º turno,4.188.099,1.403.153,6.687.901,"62,62","20,98","+41,64",+2.784.946,11.291.528,"7,22%",7.22,A UF tem 11.291.528 eleitores em 2022,"Isso equivale a 7,22% dos eleitores do Brasil"
2010,2,2º turno,29,BA,Bahia,Região Nordeste,Dilma (PT),José Serra (PSDB),Dilma,José Serra,PT,PSDB,2º turno,2º turno,4.737.079,1.948.584,6.685.663,"70,85","29,15","+41,7",+2.788.495,11.291.528,"7,22%",7.22,A UF tem 11.291.528 eleitores em 2022,"Isso equivale a 7,22% dos eleitores do Brasil"
2014,2,2º turno,29,BA,Bahia,Região Nordeste,Dilma (PT),Aécio Neves (PSDB),Dilma,Aécio Neves,PT,PSDB,Eleito,Não eleito,5.059.860,2.153.111,7.212.971,"70,15","29,85","+40,3",+2.906.749,11.291.528,"7,22%",7.22,A UF tem 11.291.528 eleitores em 2022,"Isso equivale a 7,22% dos eleitores do Brasil"
2014,1,1º turno,29,BA,Bahia,Região Nordeste,Dilma (PT),Aécio Neves (PSDB),Dilma,Aécio Neves,PT,PSDB,2º turno,2º turno,4.292.850,1.277.512,6.987.943,"61,43","18,28","+43,15",+3.015.338,11.291.528,"7,22%",7.22,A UF tem 11.291.528 eleitores em 2022,"Isso equivale a 7,22% dos eleitores do Brasil"
2018,1,1º turno,29,BA,Bahia,Região Nordeste,Fernando Haddad (PT),Jair Bolsonaro (PSL),Fernando Haddad,Jair Bolsonaro,PT,PSL,2º turno,2º turno,4.441.955,1.725.140,7.368.545,"60,28","23,41","+36,87",+2.716.815,11.291.528,"7,22%",7.22,A UF tem 11.291.528 eleitores em 2022,"Isso equivale a 7,22% dos eleitores do Brasil"
2018,2,2º turno,29,BA,Bahia,Região Nordeste,Fernando Haddad (PT),Jair Bolsonaro (PSL),Fernando Haddad,Jair Bolsonaro,PT,PSL,Não eleito,Eleito,5.484.901,2.060.382,7.545.283,"72,69","27,31","+45,38",+3.424.519,11.291.528,"7,22%",7.22,A UF tem 11.291.528 eleitores em 2022,"Isso equivale a 7,22% dos eleitores do Brasil"
2002,2,2º turno,-,BR,Brasil,-,Lula (PT),José Serra (PSDB),Lula,José Serra,PT,PSDB,Eleito,Não eleito,52.772.592,33.356.997,86.129.589,"61,27","38,73","+22,54",+19.415.595,156.454.011,-,-,O Brasil tem 156.454.011 eleitores em 2022,-
2002,1,1º turno,-,BR,Brasil,-,Lula (PT),José Serra (PSDB),Lula,José Serra,PT,PSDB,2º turno,2º turno,39.436.640,19.695.227,84.915.378,"46,44","23,19","+23,25",+19.741.413,156.454.011,-,-,O Brasil tem 156.454.011 eleitores em 2022,-
2006,2,2º turno,-,BR,Brasil,-,Lula (PT),Geraldo Alckmin (PSDB),Lula,Geraldo Alckmin,PT,PSDB,Eleito,Não eleito,58.295.042,37.543.178,95.838.220,"60,83","39,17","+21,66",+20.751.864,156.454.011,-,-,O Brasil tem 156.454.011 eleitores em 2022,-
2006,1,1º turno,-,BR,Brasil,-,Lula (PT),Geraldo Alckmin (PSDB),Lula,Geraldo Alckmin,PT,PSDB,2º turno,2º turno,46.662.365,39.968.369,95.996.733,"48,61","41,64","+6,97",+6.693.996,156.454.011,-,-,O Brasil tem 156.454.011 eleitores em 2022,-
2010,2,2º turno,-,BR,Brasil,-,Dilma (PT),José Serra (PSDB),Dilma,José Serra,PT,PSDB,Eleito,Não eleito,55.752.529,43.711.388,99.463.917,"56,05","43,95","+12,1",+12.041.141,156.454.011,-,-,O Brasil tem 156.454.011 eleitores em 2022,-
2010,1,1º turno,-,BR,Brasil,-,Dilma (PT),José Serra (PSDB),Dilma,José Serra,PT,PSDB,2º turno,2º turno,47.651.434,33.132.283,101.590.153,"46,91","32,61","+14,3",+14.519.151,156.454.011,-,-,O Brasil tem 156.454.011 eleitores em 2022,-
2014,2,2º turno,-,BR,Brasil,-,Dilma (PT),Aécio Neves (PSDB),Dilma,Aécio Neves,PT,PSDB,Eleito,Não eleito,54.501.118,51.041.155,105.542.273,"51,64","48,36","+3,28",+3.459.963,156.454.011,-,-,O Brasil tem 156.454.011 eleitores em 2022,-
2014,1,1º turno,-,BR,Brasil,-,Dilma (PT),Aécio Neves (PSDB),Dilma,Aécio Neves,PT,PSDB,2º turno,2º turno,43.267.668,34.897.211,104.023.802,"41,59","33,55","+8,04",+8.370.457,156.454.011,-,-,O Brasil tem 156.454.011 eleitores em 2022,-
2018,2,2º turno,-,BR,Brasil,-,Fernando Haddad (PT),Jair Bolsonaro (PSL),Fernando Haddad,Jair Bolsonaro,PT,PSL,Não eleito,Eleito,47.040.906,57.797.847,104.838.753,"44,87","55,13","-10,26",-10.756.941,156.454.011,-,-,O Brasil tem 156.454.011 eleitores em 2022,-
2018,1,1º turno,-,BR,Brasil,-,Fernando Haddad (PT),Jair Bolsonaro (PSL),Fernando Haddad,Jair Bolsonaro,PT,PSL,2º turno,2º turno,31.342.051,49.277.010,107.050.749,"29,28","46,03","-16,75",-17.934.959,156.454.011,-,-,O Brasil tem 156.454.011 eleitores em 2022,-
2002,1,1º turno,23,CE,Ceará,Região Nordeste,Lula (PT),José Serra (PSDB),Lula,José Serra,PT,PSDB,2º turno,2º turno,1.353.339,293.425,3.438.374,"39,36","8,53","+30,83",+1.059.914,6.820.673,"4,36%",4.36,A UF tem 6.820.673 eleitores em 2022,"Isso equivale a 4,36% dos eleitores do Brasil"
2002,2,2º turno,23,CE,Ceará,Região Nordeste,Lula (PT),José Serra (PSDB),Lula,José Serra,PT,PSDB,Eleito,Não eleito,2.497.143,981.609,3.478.752,"71,78","28,22","+43,56",+1.515.534,6.820.673,"4,36%",4.36,A UF tem 6.820.673 eleitores em 2022,"Isso equivale a 4,36% dos eleitores do Brasil"
2006,1,1º turno,23,CE,Ceará,Região Nordeste,Lula (PT),Geraldo Alckmin (PSDB),Lula,Geraldo Alckmin,PT,PSDB,2º turno,2º turno,2.852.895,912.726,4.005.498,"71,22","22,79","+48,43",+1.940.169,6.820.673,"4,36%",4.36,A UF tem 6.820.673 eleitores em 2022,"Isso equivale a 4,36% dos eleitores do Brasil"
2006,2,2º turno,23,CE,Ceará,Região Nordeste,Lula (PT),Geraldo Alckmin (PSDB),Lula,Geraldo Alckmin,PT,PSDB,Eleito,Não eleito,3.394.007,725.99,4.119.997,"82,38","17,62","+64,76",+2.668.017,6.820.673,"4,36%",4.36,A UF tem 6.820.673 eleitores em 2022,"Isso equivale a 4,36% dos eleitores do Brasil"
2010,1,1º turno,23,CE,Ceará,Região Nordeste,Dilma (PT),José Serra (PSDB),Dilma,José Serra,PT,PSDB,2º turno,2º turno,2.783.451,686.891,4.198.511,"66,3","16,36","+49,94",+2.096.560,6.820.673,"4,36%",4.36,A UF tem 6.820.673 eleitores em 2022,"Isso equivale a 4,36% dos eleitores do Brasil"
2010,2,2º turno,23,CE,Ceará,Região Nordeste,Dilma (PT),José Serra (PSDB),Dilma,José Serra,PT,PSDB,2º turno,2º turno,3.288.570,962.729,4.251.299,"77,35","22,65","+54,7",+2.325.841,6.820.673,"4,36%",4.36,A UF tem 6.820.673 eleitores em 2022,"Isso equivale a 4,36% dos eleitores do Brasil"
2014,1,1º turno,23,CE,Ceará,Região Nordeste,Dilma (PT),Aécio Neves (PSDB),Dilma,Aécio Neves,PT,PSDB,2º turno,2º turno,3.087.658,677.587,4.522.185,"68,28","14,98","+53,3",+2.410.071,6.820.673,"4,36%",4.36,A UF tem 6.820.673 eleitores em 2022,"Isso equivale a 4,36% dos eleitores do Brasil"
2014,2,2º turno,23,CE,Ceará,Região Nordeste,Dilma (PT),Aécio Neves (PSDB),Dilma,Aécio Neves,PT,PSDB,Eleito,Não eleito,3.522.884,1.068.169,4.591.053,"76,73","23,27","+53,46",+2.454.715,6.820.673,"4,36%",4.36,A UF tem 6.820.673 eleitores em 2022,"Isso equivale a 4,36% dos eleitores do Brasil"
2018,2,2º turno,23,CE,Ceará,Região Nordeste,Fernando Haddad (PT),Jair Bolsonaro (PSL),Fernando Haddad,Jair Bolsonaro,PT,PSL,Não eleito,Eleito,3.407.526,1.384.591,4.792.117,"71,11","28,89","+42,22",+2.022.935,6.820.673,"4,36%",4.36,A UF tem 6.820.673 eleitores em 2022,"Isso equivale a 4,36% dos eleitores do Brasil"
2018,1,1º turno,23,CE,Ceará,Região Nordeste,Fernando Haddad (PT),Jair Bolsonaro (PSL),Fernando Haddad,Jair Bolsonaro,PT,PSL,2º turno,2º turno,1.616.492,1.061.075,4.880.155,"33,12","21,74","+11,38",+555.417,6.820.673,"4,36%",4.36,A UF tem 6.820.673 eleitores em 2022,"Isso equivale a 4,36% dos eleitores do Brasil"
2002,2,2º turno,53,DF,Distrito Federal,Região Centro-Oeste,Lula (PT),José Serra (PSDB),Lula,José Serra,PT,PSDB,Eleito,Não eleito,777.708,471.485,1.249.193,"62,26","37,74","+24,52",+306.223,2.203.045,"1,41%",1.41,A UF tem 2.203.045 eleitores em 2022,"Isso equivale a 1,41% dos eleitores do Brasil"
2002,1,1º turno,53,DF,Distrito Federal,Região Centro-Oeste,Lula (PT),José Serra (PSDB),Lula,José Serra,PT,PSDB,2º turno,2º turno,592.977,202.41,1.208.415,"49,07","16,75","+32,32",+390.567,2.203.045,"1,41%",1.41,A UF tem 2.203.045 eleitores em 2022,"Isso equivale a 1,41% dos eleitores do Brasil"
2006,1,1º turno,53,DF,Distrito Federal,Região Centro-Oeste,Lula (PT),Geraldo Alckmin (PSDB),Lula,Geraldo Alckmin,PT,PSDB,2º turno,2º turno,499.407,594.521,1.347.805,"37,05","44,11","-7,06",-95.114,2.203.045,"1,41%",1.41,A UF tem 2.203.045 eleitores em 2022,"Isso equivale a 1,41% dos eleitores do Brasil"
2006,2,2º turno,53,DF,Distrito Federal,Região Centro-Oeste,Lula (PT),Geraldo Alckmin (PSDB),Lula,Geraldo Alckmin,PT,PSDB,Eleito,Não eleito,765.008,578.137,1.343.145,"56,96","43,04","+13,92",+186.871,2.203.045,"1,41%",1.41,A UF tem 2.203.045 eleitores em 2022,"Isso equivale a 1,41% dos eleitores do Brasil"
2010,1,1º turno,53,DF,Distrito Federal,Região Centro-Oeste,Dilma (PT),José Serra (PSDB),Dilma,José Serra,PT,PSDB,2º turno,2º turno,462.441,354.07,1.457.059,"31,74","24,3","+7,44",+108.371,2.203.045,"1,41%",1.41,A UF tem 2.203.045 eleitores em 2022,"Isso equivale a 1,41% dos eleitores do Brasil"
2010,2,2º turno,53,DF,Distrito Federal,Região Centro-Oeste,Dilma (PT),José Serra (PSDB),Dilma,José Serra,PT,PSDB,2º turno,2º turno,708.674,633.299,1.341.973,"52,81","47,19","+5,62",+75.375,2.203.045,"1,41%",1.41,A UF tem 2.203.045 eleitores em 2022,"Isso equivale a 1,41% dos eleitores do Brasil"
2014,1,1º turno,53,DF,Distrito Federal,Região Centro-Oeste,Dilma (PT),Aécio Neves (PSDB),Dilma,Aécio Neves,PT,PSDB,2º turno,2º turno,363.861,570.494,1.579.692,"23,03","36,11","-13,08",-206.633,2.203.045,"1,41%",1.41,A UF tem 2.203.045 eleitores em 2022,"Isso equivale a 1,41% dos eleitores do Brasil"
2014,2,2º turno,53,DF,Distrito Federal,Região Centro-Oeste,Dilma (PT),Aécio Neves (PSDB),Dilma,Aécio Neves,PT,PSDB,Eleito,Não eleito,582.354,946.171,1.528.525,"38,1","61,9","-23,8",-363.817,2.203.045,"1,41%",1.41,A UF tem 2.203.045 eleitores em 2022,"Isso equivale a 1,41% dos eleitores do Brasil"
2018,2,2º turno,53,DF,Distrito Federal,Região Centro-Oeste,Fernando Haddad (PT),Jair Bolsonaro (PSL),Fernando Haddad,Jair Bolsonaro,PT,PSL,Não eleito,Eleito,463.34,1.080.411,1.543.751,"30,01","69,99","-39,98",-617.071,2.203.045,"1,41%",1.41,A UF tem 2.203.045 eleitores em 2022,"Isso equivale a 1,41% dos eleitores do Brasil"
2018,1,1º turno,53,DF,Distrito Federal,Região Centro-Oeste,Fernando Haddad (PT),Jair Bolsonaro (PSL),Fernando Haddad,Jair Bolsonaro,PT,PSL,2º turno,2º turno,190.508,936.494,1.604.517,"11,87","58,37","-46,5",-745.986,2.203.045,"1,41%",1.41,A UF tem 2.203.045 eleitores em 2022,"Isso equivale a 1,41% dos eleitores do Brasil"
2002,2,2º turno,32,ES,Espírito Santo,Região Sudeste,Lula (PT),José Serra (PSDB),Lula,José Serra,PT,PSDB,Eleito,Não eleito,944.172,646.494,1.590.666,"59,36","40,64","+18,72",+297.678,2.921.506,"1,87%",1.87,A UF tem 2.921.506 eleitores em 2022,"Isso equivale a 1,87% dos eleitores do Brasil"
2002,1,1º turno,32,ES,Espírito Santo,Região Sudeste,Lula (PT),José Serra (PSDB),Lula,José Serra,PT,PSDB,2º turno,2º turno,717.646,334.697,1.611.996,"44,52","20,76","+23,76",+382.949,2.921.506,"1,87%",1.87,A UF tem 2.921.506 eleitores em 2022,"Isso equivale a 1,87% dos eleitores do Brasil"
2006,1,1º turno,32,ES,Espírito Santo,Região Sudeste,Lula (PT),Geraldo Alckmin (PSDB),Lula,Geraldo Alckmin,PT,PSDB,2º turno,2º turno,953.609,668.792,1.800.394,"52,97","37,15","+15,82",+284.817,2.921.506,"1,87%",1.87,A UF tem 2.921.506 eleitores em 2022,"Isso equivale a 1,87% dos eleitores do Brasil"
2006,2,2º turno,32,ES,Espírito Santo,Região Sudeste,Lula (PT),Geraldo Alckmin (PSDB),Lula,Geraldo Alckmin,PT,PSDB,Eleito,Não eleito,1.190.459,625.852,1.816.311,"65,54","34,46","+31,08",+564.607,2.921.506,"1,87%",1.87,A UF tem 2.921.506 eleitores em 2022,"Isso equivale a 1,87% dos eleitores do Brasil"
2010,2,2º turno,32,ES,Espírito Santo,Região Sudeste,Dilma (PT),José Serra (PSDB),Dilma,José Serra,PT,PSDB,2º turno,2º turno,924.046,955.423,1.879.469,"49,17","50,83","-1,66",-31.377,2.921.506,"1,87%",1.87,A UF tem 2.921.506 eleitores em 2022,"Isso equivale a 1,87% dos eleitores do Brasil"
2010,1,1º turno,32,ES,Espírito Santo,Região Sudeste,Dilma (PT),José Serra (PSDB),Dilma,José Serra,PT,PSDB,2º turno,2º turno,717.417,682.59,1.925.891,"37,25","35,44","+1,81",+34.827,2.921.506,"1,87%",1.87,A UF tem 2.921.506 eleitores em 2022,"Isso equivale a 1,87% dos eleitores do Brasil"
2014,2,2º turno,32,ES,Espírito Santo,Região Sudeste,Dilma (PT),Aécio Neves (PSDB),Dilma,Aécio Neves,PT,PSDB,Eleito,Não eleito,912.391,1.065.485,1.977.876,"46,13","53,87","-7,74",-153.094,2.921.506,"1,87%",1.87,A UF tem 2.921.506 eleitores em 2022,"Isso equivale a 1,87% dos eleitores do Brasil"
2014,1,1º turno,32,ES,Espírito Santo,Região Sudeste,Dilma (PT),Aécio Neves (PSDB),Dilma,Aécio Neves,PT,PSDB,2º turno,2º turno,653.839,694.085,1.975.322,"33,1","35,14","-2,04",-40.246,2.921.506,"1,87%",1.87,A UF tem 2.921.506 eleitores em 2022,"Isso equivale a 1,87% dos eleitores do Brasil"
2018,2,2º turno,32,ES,Espírito Santo,Região Sudeste,Fernando Haddad (PT),Jair Bolsonaro (PSL),Fernando Haddad,Jair Bolsonaro,PT,PSL,Não eleito,Eleito,747.768,1.276.611,2.024.379,"36,94","63,06","-26,12",-528.843,2.921.506,"1,87%",1.87,A UF tem 2.921.506 eleitores em 2022,"Isso equivale a 1,87% dos eleitores do Brasil"
2018,1,1º turno,32,ES,Espírito Santo,Região Sudeste,Fernando Haddad (PT),Jair Bolsonaro (PSL),Fernando Haddad,Jair Bolsonaro,PT,PSL,2º turno,2º turno,495.868,1.122.131,2.049.148,"24,2","54,76","-30,56",-626.263,2.921.506,"1,87%",1.87,A UF tem 2.921.506 eleitores em 2022,"Isso equivale a 1,87% dos eleitores do Brasil"
2002,2,2º turno,52,GO,Goiás,Região Centro-Oeste,Lula (PT),José Serra (PSDB),Lula,José Serra,PT,PSDB,Eleito,Não eleito,1.424.236,1.071.070,2.495.306,"57,08","42,92","+14,16",+353.166,4.870.354,"3,11%",3.11,A UF tem 4.870.354 eleitores em 2022,"Isso equivale a 3,11% dos eleitores do Brasil"
2002,1,1º turno,52,GO,Goiás,Região Centro-Oeste,Lula (PT),José Serra (PSDB),Lula,José Serra,PT,PSDB,2º turno,2º turno,1.069.398,709.025,2.540.283,"42,1","27,91","+14,19",+360.373,4.870.354,"3,11%",3.11,A UF tem 4.870.354 eleitores em 2022,"Isso equivale a 3,11% dos eleitores do Brasil"
2006,1,1º turno,52,GO,Goiás,Região Centro-Oeste,Lula (PT),Geraldo Alckmin (PSDB),Lula,Geraldo Alckmin,PT,PSDB,2º turno,2º turno,1.143.122,1.465.628,2.846.061,"40,17","51,5","-11,33",-322.506,4.870.354,"3,11%",3.11,A UF tem 4.870.354 eleitores em 2022,"Isso equivale a 3,11% dos eleitores do Brasil"
2006,2,2º turno,52,GO,Goiás,Região Centro-Oeste,Lula (PT),Geraldo Alckmin (PSDB),Lula,Geraldo Alckmin,PT,PSDB,Eleito,Não eleito,1.485.280,1.226.011,2.711.291,"54,78","45,22","+9,56",+259.269,4.870.354,"3,11%",3.11,A UF tem 4.870.354 eleitores em 2022,"Isso equivale a 3,11% dos eleitores do Brasil"
2010,2,2º turno,52,GO,Goiás,Região Centro-Oeste,Dilma (PT),José Serra (PSDB),Dilma,José Serra,PT,PSDB,2º turno,2º turno,1.446.178,1.490.368,2.936.546,"49,25","50,75","-1,5",-44.190,4.870.354,"3,11%",3.11,A UF tem 4.870.354 eleitores em 2022,"Isso equivale a 3,11% dos eleitores do Brasil"
2010,1,1º turno,52,GO,Goiás,Região Centro-Oeste,Dilma (PT),José Serra (PSDB),Dilma,José Serra,PT,PSDB,2º turno,2º turno,1.301.985,1.217.203,3.082.793,"42,23","39,48","+2,75",+84.782,4.870.354,"3,11%",3.11,A UF tem 4.870.354 eleitores em 2022,"Isso equivale a 3,11% dos eleitores do Brasil"
2014,1,1º turno,52,GO,Goiás,Região Centro-Oeste,Dilma (PT),Aécio Neves (PSDB),Dilma,Aécio Neves,PT,PSDB,2º turno,2º turno,1.035.911,1.341.320,3.228.160,"32,09","41,55","-9,46",-305.409,4.870.354,"3,11%",3.11,A UF tem 4.870.354 eleitores em 2022,"Isso equivale a 3,11% dos eleitores do Brasil"
2014,2,2º turno,52,GO,Goiás,Região Centro-Oeste,Dilma (PT),Aécio Neves (PSDB),Dilma,Aécio Neves,PT,PSDB,Eleito,Não eleito,1.365.964,1.819.139,3.185.103,"42,89","57,11","-14,22",-453.175,4.870.354,"3,11%",3.11,A UF tem 4.870.354 eleitores em 2022,"Isso equivale a 3,11% dos eleitores do Brasil"
2018,2,2º turno,52,GO,Goiás,Região Centro-Oeste,Fernando Haddad (PT),Jair Bolsonaro (PSL),Fernando Haddad,Jair Bolsonaro,PT,PSL,Não eleito,Eleito,1.118.060,2.124.739,3.242.799,"34,48","65,52","-31,04",-1.006.679,4.870.354,"3,11%",3.11,A UF tem 4.870.354 eleitores em 2022,"Isso equivale a 3,11% dos eleitores do Brasil"
2018,1,1º turno,52,GO,Goiás,Região Centro-Oeste,Fernando Haddad (PT),Jair Bolsonaro (PSL),Fernando Haddad,Jair Bolsonaro,PT,PSL,2º turno,2º turno,713.535,1.868.686,3.264.789,"21,86","57,24","-35,38",-1.155.151,4.870.354,"3,11%",3.11,A UF tem 4.870.354 eleitores em 2022,"Isso equivale a 3,11% dos eleitores do Brasil"
2002,2,2º turno,21,MA,Maranhão,Região Nordeste,Lula (PT),José Serra (PSDB),Lula,José Serra,PT,PSDB,Eleito,Não eleito,1.229.559,872.88,2.102.439,"58,48","41,52","+16,96",+356.679,5.042.999,"3,22%",3.22,A UF tem 5.042.999 eleitores em 2022,"Isso equivale a 3,22% dos eleitores do Brasil"
2002,1,1º turno,21,MA,Maranhão,Região Nordeste,Lula (PT),José Serra (PSDB),Lula,José Serra,PT,PSDB,2º turno,2º turno,843.132,248.621,2.062.392,"40,88","12,05","+28,83",+594.511,5.042.999,"3,22%",3.22,A UF tem 5.042.999 eleitores em 2022,"Isso equivale a 3,22% dos eleitores do Brasil"
2006,1,1º turno,21,MA,Maranhão,Região Nordeste,Lula (PT),Geraldo Alckmin (PSDB),Lula,Geraldo Alckmin,PT,PSDB,2º turno,2º turno,2.128.103,530.164,2.818.598,"75,5","18,81","+56,69",+1.597.939,5.042.999,"3,22%",3.22,A UF tem 5.042.999 eleitores em 2022,"Isso equivale a 3,22% dos eleitores do Brasil"
2006,2,2º turno,21,MA,Maranhão,Região Nordeste,Lula (PT),Geraldo Alckmin (PSDB),Lula,Geraldo Alckmin,PT,PSDB,Eleito,Não eleito,2.280.520,414.108,2.694.628,"84,63","15,37","+69,26",+1.866.412,5.042.999,"3,22%",3.22,A UF tem 5.042.999 eleitores em 2022,"Isso equivale a 3,22% dos eleitores do Brasil"
2010,1,1º turno,21,MA,Maranhão,Região Nordeste,Dilma (PT),José Serra (PSDB),Dilma,José Serra,PT,PSDB,2º turno,2º turno,2.079.650,444.145,2.943.779,"70,65","15,09","+55,56",+1.635.505,5.042.999,"3,22%",3.22,A UF tem 5.042.999 eleitores em 2022,"Isso equivale a 3,22% dos eleitores do Brasil"
2010,2,2º turno,21,MA,Maranhão,Região Nordeste,Dilma (PT),José Serra (PSDB),Dilma,José Serra,PT,PSDB,2º turno,2º turno,2.294.146,606.449,2.900.595,"79,09","20,91","+58,18",+1.687.697,5.042.999,"3,22%",3.22,A UF tem 5.042.999 eleitores em 2022,"Isso equivale a 3,22% dos eleitores do Brasil"
2014,2,2º turno,21,MA,Maranhão,Região Nordeste,Dilma (PT),Aécio Neves (PSDB),Dilma,Aécio Neves,PT,PSDB,Eleito,Não eleito,2.475.985,667.823,3.143.808,"78,76","21,24","+57,52",+1.808.162,5.042.999,"3,22%",3.22,A UF tem 5.042.999 eleitores em 2022,"Isso equivale a 3,22% dos eleitores do Brasil"
2014,1,1º turno,21,MA,Maranhão,Região Nordeste,Dilma (PT),Aécio Neves (PSDB),Dilma,Aécio Neves,PT,PSDB,2º turno,2º turno,2.187.864,365.655,3.145.547,"69,55","11,62","+57,93",+1.822.209,5.042.999,"3,22%",3.22,A UF tem 5.042.999 eleitores em 2022,"Isso equivale a 3,22% dos eleitores do Brasil"
2018,1,1º turno,21,MA,Maranhão,Região Nordeste,Fernando Haddad (PT),Jair Bolsonaro (PSL),Fernando Haddad,Jair Bolsonaro,PT,PSL,2º turno,2º turno,2.062.638,817.531,3.366.947,"61,26","24,28","+36,98",+1.245.107,5.042.999,"3,22%",3.22,A UF tem 5.042.999 eleitores em 2022,"Isso equivale a 3,22% dos eleitores do Brasil"
2018,2,2º turno,21,MA,Maranhão,Região Nordeste,Fernando Haddad (PT),Jair Bolsonaro (PSL),Fernando Haddad,Jair Bolsonaro,PT,PSL,Não eleito,Eleito,2.428.913,886.565,3.315.478,"73,26","26,74","+46,52",+1.542.348,5.042.999,"3,22%",3.22,A UF tem 5.042.999 eleitores em 2022,"Isso equivale a 3,22% dos eleitores do Brasil"
2002,1,1º turno,31,MG,Minas Gerais,Região Sudeste,Lula (PT),José Serra (PSDB),Lula,José Serra,PT,PSDB,2º turno,2º turno,4.990.085,2.151.597,9.413.131,"53,01","22,86","+30,15",+2.838.488,16.290.870,"10,41%",10.41,A UF tem 16.290.870 eleitores em 2022,"Isso equivale a 10,41% dos eleitores do Brasil"
2002,2,2º turno,31,MG,Minas Gerais,Região Sudeste,Lula (PT),José Serra (PSDB),Lula,José Serra,PT,PSDB,Eleito,Não eleito,6.384.690,3.223.960,9.608.650,"66,45","33,55","+32,9",+3.160.730,16.290.870,"10,41%",10.41,A UF tem 16.290.870 eleitores em 2022,"Isso equivale a 10,41% dos eleitores do Brasil"
2006,1,1º turno,31,MG,Minas Gerais,Região Sudeste,Lula (PT),Geraldo Alckmin (PSDB),Lula,Geraldo Alckmin,PT,PSDB,2º turno,2º turno,5.192.439,4.151.507,10.220.573,"50,8","40,62","+10,18",+1.040.932,16.290.870,"10,41%",10.41,A UF tem 16.290.870 eleitores em 2022,"Isso equivale a 10,41% dos eleitores do Brasil"
2006,2,2º turno,31,MG,Minas Gerais,Região Sudeste,Lula (PT),Geraldo Alckmin (PSDB),Lula,Geraldo Alckmin,PT,PSDB,Eleito,Não eleito,6.808.417,3.635.228,10.443.645,"65,19","34,81","+30,38",+3.173.189,16.290.870,"10,41%",10.41,A UF tem 16.290.870 eleitores em 2022,"Isso equivale a 10,41% dos eleitores do Brasil"
2010,1,1º turno,31,MG,Minas Gerais,Região Sudeste,Dilma (PT),José Serra (PSDB),Dilma,José Serra,PT,PSDB,2º turno,2º turno,5.067.399,3.317.872,10.785.588,"46,98","30,76","+16,22",+1.749.527,16.290.870,"10,41%",10.41,A UF tem 16.290.870 eleitores em 2022,"Isso equivale a 10,41% dos eleitores do Brasil"
2010,2,2º turno,31,MG,Minas Gerais,Região Sudeste,Dilma (PT),José Serra (PSDB),Dilma,José Serra,PT,PSDB,2º turno,2º turno,6.220.125,4.422.294,10.642.419,"58,45","41,55","+16,9",+1.797.831,16.290.870,"10,41%",10.41,A UF tem 16.290.870 eleitores em 2022,"Isso equivale a 10,41% dos eleitores do Brasil"
2014,1,1º turno,31,MG,Minas Gerais,Região Sudeste,Dilma (PT),Aécio Neves (PSDB),Dilma,Aécio Neves,PT,PSDB,2º turno,2º turno,4.830.867,4.417.876,11.112.954,"43,47","39,75","+3,72",+412.991,16.290.870,"10,41%",10.41,A UF tem 16.290.870 eleitores em 2022,"Isso equivale a 10,41% dos eleitores do Brasil"
2014,2,2º turno,31,MG,Minas Gerais,Região Sudeste,Dilma (PT),Aécio Neves (PSDB),Dilma,Aécio Neves,PT,PSDB,Eleito,Não eleito,5.981.162,5.432.465,11.413.627,"52,4","47,6","+4,8",+548.697,16.290.870,"10,41%",10.41,A UF tem 16.290.870 eleitores em 2022,"Isso equivale a 10,41% dos eleitores do Brasil"
2018,2,2º turno,31,MG,Minas Gerais,Região Sudeste,Fernando Haddad (PT),Jair Bolsonaro (PSL),Fernando Haddad,Jair Bolsonaro,PT,PSL,Não eleito,Eleito,4.382.952,6.100.107,10.483.059,"41,81","58,19","-16,38",-1.717.155,16.290.870,"10,41%",10.41,A UF tem 16.290.870 eleitores em 2022,"Isso equivale a 10,41% dos eleitores do Brasil"
2018,1,1º turno,31,MG,Minas Gerais,Região Sudeste,Fernando Haddad (PT),Jair Bolsonaro (PSL),Fernando Haddad,Jair Bolsonaro,PT,PSL,2º turno,2º turno,3.037.957,5.308.047,10.987.714,"27,65","48,31","-20,66",-2.270.090,16.290.870,"10,41%",10.41,A UF tem 16.290.870 eleitores em 2022,"Isso equivale a 10,41% dos eleitores do Brasil"
2002,2,2º turno,50,MS,Mato Grosso do Sul,Região Centro-Oeste,Lula (PT),José Serra (PSDB),Lula,José Serra,PT,PSDB,Eleito,Não eleito,593.939,483.196,1.077.135,"55,14","44,86","+10,28",+110.743,1.996.510,"1,28%",1.28,A UF tem 1.996.510 eleitores em 2022,"Isso equivale a 1,28% dos eleitores do Brasil"
2002,1,1º turno,50,MS,Mato Grosso do Sul,Região Centro-Oeste,Lula (PT),José Serra (PSDB),Lula,José Serra,PT,PSDB,2º turno,2º turno,446.438,308.905,1.076.108,"41,49","28,71","+12,78",+137.533,1.996.510,"1,28%",1.28,A UF tem 1.996.510 eleitores em 2022,"Isso equivale a 1,28% dos eleitores do Brasil"
2006,2,2º turno,50,MS,Mato Grosso do Sul,Região Centro-Oeste,Lula (PT),Geraldo Alckmin (PSDB),Lula,Geraldo Alckmin,PT,PSDB,Eleito,Não eleito,535.966,655.491,1.191.457,"44,98","55,02","-10,04",-119.525,1.996.510,"1,28%",1.28,A UF tem 1.996.510 eleitores em 2022,"Isso equivale a 1,28% dos eleitores do Brasil"
2006,1,1º turno,50,MS,Mato Grosso do Sul,Região Centro-Oeste,Lula (PT),Geraldo Alckmin (PSDB),Lula,Geraldo Alckmin,PT,PSDB,2º turno,2º turno,439.965,687.583,1.222.462,"35,99","56,25","-20,26",-247.618,1.996.510,"1,28%",1.28,A UF tem 1.996.510 eleitores em 2022,"Isso equivale a 1,28% dos eleitores do Brasil"
2010,2,2º turno,50,MS,Mato Grosso do Sul,Região Centro-Oeste,Dilma (PT),José Serra (PSDB),Dilma,José Serra,PT,PSDB,2º turno,2º turno,555.283,682.305,1.237.588,"44,87","55,13","-10,26",-127.022,1.996.510,"1,28%",1.28,A UF tem 1.996.510 eleitores em 2022,"Isso equivale a 1,28% dos eleitores do Brasil"
2010,1,1º turno,50,MS,Mato Grosso do Sul,Região Centro-Oeste,Dilma (PT),José Serra (PSDB),Dilma,José Serra,PT,PSDB,2º turno,2º turno,518.877,551.296,1.301.849,"39,86","42,35","-2,49",-32.419,1.996.510,"1,28%",1.28,A UF tem 1.996.510 eleitores em 2022,"Isso equivale a 1,28% dos eleitores do Brasil"
2014,2,2º turno,50,MS,Mato Grosso do Sul,Região Centro-Oeste,Dilma (PT),Aécio Neves (PSDB),Dilma,Aécio Neves,PT,PSDB,Eleito,Não eleito,590.965,762.797,1.353.762,"43,65","56,35","-12,7",-171.832,1.996.510,"1,28%",1.28,A UF tem 1.996.510 eleitores em 2022,"Isso equivale a 1,28% dos eleitores do Brasil"
2014,1,1º turno,50,MS,Mato Grosso do Sul,Região Centro-Oeste,Dilma (PT),Aécio Neves (PSDB),Dilma,Aécio Neves,PT,PSDB,2º turno,2º turno,507.063,558.826,1.352.208,"37,5","41,33","-3,83",-51.763,1.996.510,"1,28%",1.28,A UF tem 1.996.510 eleitores em 2022,"Isso equivale a 1,28% dos eleitores do Brasil"
2018,2,2º turno,50,MS,Mato Grosso do Sul,Região Centro-Oeste,Fernando Haddad (PT),Jair Bolsonaro (PSL),Fernando Haddad,Jair Bolsonaro,PT,PSL,Não eleito,Eleito,465.025,872.049,1.337.074,"34,78","65,22","-30,44",-407.024,1.996.510,"1,28%",1.28,A UF tem 1.996.510 eleitores em 2022,"Isso equivale a 1,28% dos eleitores do Brasil"
2018,1,1º turno,50,MS,Mato Grosso do Sul,Região Centro-Oeste,Fernando Haddad (PT),Jair Bolsonaro (PSL),Fernando Haddad,Jair Bolsonaro,PT,PSL,2º turno,2º turno,333.407,769.116,1.396.945,"23,87","55,06","-31,19",-435.709,1.996.510,"1,28%",1.28,A UF tem 1.996.510 eleitores em 2022,"Isso equivale a 1,28% dos eleitores do Brasil"
2002,2,2º turno,51,MT,Mato Grosso,Região Centro-Oeste,Lula (PT),José Serra (PSDB),Lula,José Serra,PT,PSDB,Eleito,Não eleito,649.1,542.695,1.191.795,"54,46","45,54","+8,92",+106.405,2.469.414,"1,58%",1.58,A UF tem 2.469.414 eleitores em 2022,"Isso equivale a 1,58% dos eleitores do Brasil"
2002,1,1º turno,51,MT,Mato Grosso,Região Centro-Oeste,Lula (PT),José Serra (PSDB),Lula,José Serra,PT,PSDB,2º turno,2º turno,509.151,372.068,1.252.744,"40,64","29,7","+10,94",+137.083,2.469.414,"1,58%",1.58,A UF tem 2.469.414 eleitores em 2022,"Isso equivale a 1,58% dos eleitores do Brasil"
2006,1,1º turno,51,MT,Mato Grosso,Região Centro-Oeste,Lula (PT),Geraldo Alckmin (PSDB),Lula,Geraldo Alckmin,PT,PSDB,2º turno,2º turno,557.244,790.32,1.441.636,"38,65","54,82","-16,17",-233.076,2.469.414,"1,58%",1.58,A UF tem 2.469.414 eleitores em 2022,"Isso equivale a 1,58% dos eleitores do Brasil"
2006,2,2º turno,51,MT,Mato Grosso,Região Centro-Oeste,Lula (PT),Geraldo Alckmin (PSDB),Lula,Geraldo Alckmin,PT,PSDB,Eleito,Não eleito,711.177,719.984,1.431.161,"49,69","50,31","-0,62",-8.807,2.469.414,"1,58%",1.58,A UF tem 2.469.414 eleitores em 2022,"Isso equivale a 1,58% dos eleitores do Brasil"
2010,1,1º turno,51,MT,Mato Grosso,Região Centro-Oeste,Dilma (PT),José Serra (PSDB),Dilma,José Serra,PT,PSDB,2º turno,2º turno,659.771,678.614,1.536.593,"42,94","44,16","-1,22",-18.843,2.469.414,"1,58%",1.58,A UF tem 2.469.414 eleitores em 2022,"Isso equivale a 1,58% dos eleitores do Brasil"
2010,2,2º turno,51,MT,Mato Grosso,Região Centro-Oeste,Dilma (PT),José Serra (PSDB),Dilma,José Serra,PT,PSDB,2º turno,2º turno,729.747,762.905,1.492.652,"48,89","51,11","-2,22",-33.158,2.469.414,"1,58%",1.58,A UF tem 2.469.414 eleitores em 2022,"Isso equivale a 1,58% dos eleitores do Brasil"
2014,2,2º turno,51,MT,Mato Grosso,Região Centro-Oeste,Dilma (PT),Aécio Neves (PSDB),Dilma,Aécio Neves,PT,PSDB,Eleito,Não eleito,717.412,865.61,1.583.022,"45,32","54,68","-9,36",-148.198,2.469.414,"1,58%",1.58,A UF tem 2.469.414 eleitores em 2022,"Isso equivale a 1,58% dos eleitores do Brasil"
2014,1,1º turno,51,MT,Mato Grosso,Região Centro-Oeste,Dilma (PT),Aécio Neves (PSDB),Dilma,Aécio Neves,PT,PSDB,2º turno,2º turno,616.411,693.755,1.559.619,"39,52","44,48","-4,96",-77.344,2.469.414,"1,58%",1.58,A UF tem 2.469.414 eleitores em 2022,"Isso equivale a 1,58% dos eleitores do Brasil"
2018,2,2º turno,51,MT,Mato Grosso,Região Centro-Oeste,Fernando Haddad (PT),Jair Bolsonaro (PSL),Fernando Haddad,Jair Bolsonaro,PT,PSL,Não eleito,Eleito,549.001,1.085.824,1.634.825,"33,58","66,42","-32,84",-536.823,2.469.414,"1,58%",1.58,A UF tem 2.469.414 eleitores em 2022,"Isso equivale a 1,58% dos eleitores do Brasil"
2018,1,1º turno,51,MT,Mato Grosso,Região Centro-Oeste,Fernando Haddad (PT),Jair Bolsonaro (PSL),Fernando Haddad,Jair Bolsonaro,PT,PSL,2º turno,2º turno,404.604,981.119,1.634.136,"24,76","60,04","-35,28",-576.515,2.469.414,"1,58%",1.58,A UF tem 2.469.414 eleitores em 2022,"Isso equivale a 1,58% dos eleitores do Brasil"
2002,2,2º turno,15,PA,Pará,Região Norte,Lula (PT),José Serra (PSDB),Lula,José Serra,PT,PSDB,Eleito,Não eleito,1.317.472,1.184.624,2.502.096,"52,65","47,35","+5,3",+132.848,6.082.312,"3,89%",3.89,A UF tem 6.082.312 eleitores em 2022,"Isso equivale a 3,89% dos eleitores do Brasil"
2002,1,1º turno,15,PA,Pará,Região Norte,Lula (PT),José Serra (PSDB),Lula,José Serra,PT,PSDB,2º turno,2º turno,1.070.416,673.488,2.532.141,"42,27","26,6","+15,67",+396.928,6.082.312,"3,89%",3.89,A UF tem 6.082.312 eleitores em 2022,"Isso equivale a 3,89% dos eleitores do Brasil"
2006,1,1º turno,15,PA,Pará,Região Norte,Lula (PT),Geraldo Alckmin (PSDB),Lula,Geraldo Alckmin,PT,PSDB,2º turno,2º turno,1.631.569,1.310.437,3.150.676,"51,78","41,59","+10,19",+321.132,6.082.312,"3,89%",3.89,A UF tem 6.082.312 eleitores em 2022,"Isso equivale a 3,89% dos eleitores do Brasil"
2006,2,2º turno,15,PA,Pará,Região Norte,Lula (PT),Geraldo Alckmin (PSDB),Lula,Geraldo Alckmin,PT,PSDB,Eleito,Não eleito,1.840.154,1.220.564,3.060.718,"60,12","39,88","+20,24",+619.590,6.082.312,"3,89%",3.89,A UF tem 6.082.312 eleitores em 2022,"Isso equivale a 3,89% dos eleitores do Brasil"
2010,2,2º turno,15,PA,Pará,Região Norte,Dilma (PT),José Serra (PSDB),Dilma,José Serra,PT,PSDB,2º turno,2º turno,1.791.443,1.576.154,3.367.597,"53,2","46,8","+6,4",+215.289,6.082.312,"3,89%",3.89,A UF tem 6.082.312 eleitores em 2022,"Isso equivale a 3,89% dos eleitores do Brasil"
2010,1,1º turno,15,PA,Pará,Região Norte,Dilma (PT),José Serra (PSDB),Dilma,José Serra,PT,PSDB,2º turno,2º turno,1.699.799,1.336.887,3.546.584,"47,93","37,7","+10,23",+362.912,6.082.312,"3,89%",3.89,A UF tem 6.082.312 eleitores em 2022,"Isso equivale a 3,89% dos eleitores do Brasil"
2014,2,2º turno,15,PA,Pará,Região Norte,Dilma (PT),Aécio Neves (PSDB),Dilma,Aécio Neves,PT,PSDB,Eleito,Não eleito,2.104.151,1.561.066,3.665.217,"57,41","42,59","+14,82",+543.085,6.082.312,"3,89%",3.89,A UF tem 6.082.312 eleitores em 2022,"Isso equivale a 3,89% dos eleitores do Brasil"
2014,1,1º turno,15,PA,Pará,Região Norte,Dilma (PT),Aécio Neves (PSDB),Dilma,Aécio Neves,PT,PSDB,2º turno,2º turno,2.040.981,1.058.334,3.838.783,"53,17","27,57","+25,6",+982.647,6.082.312,"3,89%",3.89,A UF tem 6.082.312 eleitores em 2022,"Isso equivale a 3,89% dos eleitores do Brasil"
2018,1,1º turno,15,PA,Pará,Região Norte,Fernando Haddad (PT),Jair Bolsonaro (PSL),Fernando Haddad,Jair Bolsonaro,PT,PSL,2º turno,2º turno,1.714.822,1.499.294,4.142.735,"41,39","36,19","+5,2",+215.528,6.082.312,"3,89%",3.89,A UF tem 6.082.312 eleitores em 2022,"Isso equivale a 3,89% dos eleitores do Brasil"
2018,2,2º turno,15,PA,Pará,Região Norte,Fernando Haddad (PT),Jair Bolsonaro (PSL),Fernando Haddad,Jair Bolsonaro,PT,PSL,Não eleito,Eleito,2.112.769,1.742.188,3.854.957,"54,81","45,19","+9,62",+370.581,6.082.312,"3,89%",3.89,A UF tem 6.082.312 eleitores em 2022,"Isso equivale a 3,89% dos eleitores do Brasil"
2002,2,2º turno,25,PB,Paraíba,Região Nordeste,Lula (PT),José Serra (PSDB),Lula,José Serra,PT,PSDB,Eleito,Não eleito,984.944,742.486,1.727.430,"57,02","42,98","+14,04",+242.458,3.091.684,"1,98%",1.98,A UF tem 3.091.684 eleitores em 2022,"Isso equivale a 1,98% dos eleitores do Brasil"
2002,1,1º turno,25,PB,Paraíba,Região Nordeste,Lula (PT),José Serra (PSDB),Lula,José Serra,PT,PSDB,2º turno,2º turno,754.329,466.346,1.579.200,"47,77","29,53","+18,24",+287.983,3.091.684,"1,98%",1.98,A UF tem 3.091.684 eleitores em 2022,"Isso equivale a 1,98% dos eleitores do Brasil"
2006,1,1º turno,25,PB,Paraíba,Região Nordeste,Lula (PT),Geraldo Alckmin (PSDB),Lula,Geraldo Alckmin,PT,PSDB,2º turno,2º turno,1.258.341,537.042,1.926.654,"65,31","27,87","+37,44",+721.299,3.091.684,"1,98%",1.98,A UF tem 3.091.684 eleitores em 2022,"Isso equivale a 1,98% dos eleitores do Brasil"
2006,2,2º turno,25,PB,Paraíba,Região Nordeste,Lula (PT),Geraldo Alckmin (PSDB),Lula,Geraldo Alckmin,PT,PSDB,Eleito,Não eleito,1.478.378,492.524,1.970.902,"75,01","24,99","+50,02",+985.854,3.091.684,"1,98%",1.98,A UF tem 3.091.684 eleitores em 2022,"Isso equivale a 1,98% dos eleitores do Brasil"
2010,2,2º turno,25,PB,Paraíba,Região Nordeste,Dilma (PT),José Serra (PSDB),Dilma,José Serra,PT,PSDB,2º turno,2º turno,1.229.391,767.919,1.997.310,"61,55","38,45","+23,1",+461.472,3.091.684,"1,98%",1.98,A UF tem 3.091.684 eleitores em 2022,"Isso equivale a 1,98% dos eleitores do Brasil"
2010,1,1º turno,25,PB,Paraíba,Região Nordeste,Dilma (PT),José Serra (PSDB),Dilma,José Serra,PT,PSDB,2º turno,2º turno,1.031.185,551.053,1.937.986,"53,21","28,43","+24,78",+480.132,3.091.684,"1,98%",1.98,A UF tem 3.091.684 eleitores em 2022,"Isso equivale a 1,98% dos eleitores do Brasil"
2014,2,2º turno,25,PB,Paraíba,Região Nordeste,Dilma (PT),Aécio Neves (PSDB),Dilma,Aécio Neves,PT,PSDB,Eleito,Não eleito,1.381.305,768.475,2.149.780,"64,25","35,75","+28,5",+612.830,3.091.684,"1,98%",1.98,A UF tem 3.091.684 eleitores em 2022,"Isso equivale a 1,98% dos eleitores do Brasil"
2014,1,1º turno,25,PB,Paraíba,Região Nordeste,Dilma (PT),Aécio Neves (PSDB),Dilma,Aécio Neves,PT,PSDB,2º turno,2º turno,1.166.860,490.962,2.098.811,"55,6","23,39","+32,21",+675.898,3.091.684,"1,98%",1.98,A UF tem 3.091.684 eleitores em 2022,"Isso equivale a 1,98% dos eleitores do Brasil"
2018,1,1º turno,25,PB,Paraíba,Região Nordeste,Fernando Haddad (PT),Jair Bolsonaro (PSL),Fernando Haddad,Jair Bolsonaro,PT,PSL,2º turno,2º turno,984.398,677.718,2.165.544,"45,46","31,3","+14,16",+306.680,3.091.684,"1,98%",1.98,A UF tem 3.091.684 eleitores em 2022,"Isso equivale a 1,98% dos eleitores do Brasil"
2018,2,2º turno,25,PB,Paraíba,Região Nordeste,Fernando Haddad (PT),Jair Bolsonaro (PSL),Fernando Haddad,Jair Bolsonaro,PT,PSL,Não eleito,Eleito,1.451.293,782.143,2.233.436,"64,98","35,02","+29,96",+669.150,3.091.684,"1,98%",1.98,A UF tem 3.091.684 eleitores em 2022,"Isso equivale a 1,98% dos eleitores do Brasil"
2002,2,2º turno,26,PE,Pernambuco,Região Nordeste,Lula (PT),José Serra (PSDB),Lula,José Serra,PT,PSDB,Eleito,Não eleito,2.198.673,1.654.132,3.852.805,"57,07","42,93","+14,14",+544.541,7.018.098,"4,49%",4.49,A UF tem 7.018.098 eleitores em 2022,"Isso equivale a 4,49% dos eleitores do Brasil"
2002,1,1º turno,26,PE,Pernambuco,Região Nordeste,Lula (PT),José Serra (PSDB),Lula,José Serra,PT,PSDB,2º turno,2º turno,1.657.476,1.015.496,3.569.322,"46,44","28,45","+17,99",+641.980,7.018.098,"4,49%",4.49,A UF tem 7.018.098 eleitores em 2022,"Isso equivale a 4,49% dos eleitores do Brasil"
2006,1,1º turno,26,PE,Pernambuco,Região Nordeste,Lula (PT),Geraldo Alckmin (PSDB),Lula,Geraldo Alckmin,PT,PSDB,2º turno,2º turno,2.993.618,964.73,4.220.344,"70,93","22,86","+48,07",+2.028.888,7.018.098,"4,49%",4.49,A UF tem 7.018.098 eleitores em 2022,"Isso equivale a 4,49% dos eleitores do Brasil"
2006,2,2º turno,26,PE,Pernambuco,Região Nordeste,Lula (PT),Geraldo Alckmin (PSDB),Lula,Geraldo Alckmin,PT,PSDB,Eleito,Não eleito,3.260.996,894.062,4.155.058,"78,48","21,52","+56,96",+2.366.934,7.018.098,"4,49%",4.49,A UF tem 7.018.098 eleitores em 2022,"Isso equivale a 4,49% dos eleitores do Brasil"
2010,1,1º turno,26,PE,Pernambuco,Região Nordeste,Dilma (PT),José Serra (PSDB),Dilma,José Serra,PT,PSDB,2º turno,2º turno,2.748.751,773.374,4.451.932,"61,74","17,37","+44,37",+1.975.377,7.018.098,"4,49%",4.49,A UF tem 7.018.098 eleitores em 2022,"Isso equivale a 4,49% dos eleitores do Brasil"
2010,2,2º turno,26,PE,Pernambuco,Região Nordeste,Dilma (PT),José Serra (PSDB),Dilma,José Serra,PT,PSDB,2º turno,2º turno,3.457.953,1.113.235,4.571.188,"75,65","24,35","+51,3",+2.344.718,7.018.098,"4,49%",4.49,A UF tem 7.018.098 eleitores em 2022,"Isso equivale a 4,49% dos eleitores do Brasil"
2014,1,1º turno,26,PE,Pernambuco,Região Nordeste,Dilma (PT),Aécio Neves (PSDB),Dilma,Aécio Neves,PT,PSDB,2º turno,2º turno,2.127.010,285.315,4.810.876,"44,21","5,93","+38,28",+1.841.695,7.018.098,"4,49%",4.49,A UF tem 7.018.098 eleitores em 2022,"Isso equivale a 4,49% dos eleitores do Brasil"
2014,2,2º turno,26,PE,Pernambuco,Região Nordeste,Dilma (PT),Aécio Neves (PSDB),Dilma,Aécio Neves,PT,PSDB,Eleito,Não eleito,3.438.829,1.460.279,4.899.108,"70,19","29,81","+40,38",+1.978.550,7.018.098,"4,49%",4.49,A UF tem 7.018.098 eleitores em 2022,"Isso equivale a 4,49% dos eleitores do Brasil"
2018,2,2º turno,26,PE,Pernambuco,Região Nordeste,Fernando Haddad (PT),Jair Bolsonaro (PSL),Fernando Haddad,Jair Bolsonaro,PT,PSL,Não eleito,Eleito,3.297.944,1.661.163,4.959.107,"66,5","33,5",+33,+1.636.781,7.018.098,"4,49%",4.49,A UF tem 7.018.098 eleitores em 2022,"Isso equivale a 4,49% dos eleitores do Brasil"
2018,1,1º turno,26,PE,Pernambuco,Região Nordeste,Fernando Haddad (PT),Jair Bolsonaro (PSL),Fernando Haddad,Jair Bolsonaro,PT,PSL,2º turno,2º turno,2.309.104,1.444.685,4.725.216,"48,87","30,57","+18,3",+864.419,7.018.098,"4,49%",4.49,A UF tem 7.018.098 eleitores em 2022,"Isso equivale a 4,49% dos eleitores do Brasil"
2002,1,1º turno,22,PI,Piauí,Região Nordeste,Lula (PT),José Serra (PSDB),Lula,José Serra,PT,PSDB,2º turno,2º turno,616.157,358.986,1.315.285,"46,85","27,29","+19,56",+257.171,2.573.810,"1,65%",1.65,A UF tem 2.573.810 eleitores em 2022,"Isso equivale a 1,65% dos eleitores do Brasil"
2002,2,2º turno,22,PI,Piauí,Região Nordeste,Lula (PT),José Serra (PSDB),Lula,José Serra,PT,PSDB,Eleito,Não eleito,825.257,533.603,1.358.860,"60,73","39,27","+21,46",+291.654,2.573.810,"1,65%",1.65,A UF tem 2.573.810 eleitores em 2022,"Isso equivale a 1,65% dos eleitores do Brasil"
2006,1,1º turno,22,PI,Piauí,Região Nordeste,Lula (PT),Geraldo Alckmin (PSDB),Lula,Geraldo Alckmin,PT,PSDB,2º turno,2º turno,1.055.600,440.063,1.568.953,"67,28","28,05","+39,23",+615.537,2.573.810,"1,65%",1.65,A UF tem 2.573.810 eleitores em 2022,"Isso equivale a 1,65% dos eleitores do Brasil"
2006,2,2º turno,22,PI,Piauí,Região Nordeste,Lula (PT),Geraldo Alckmin (PSDB),Lula,Geraldo Alckmin,PT,PSDB,Eleito,Não eleito,1.216.842,356.879,1.573.721,"77,32","22,68","+54,64",+859.963,2.573.810,"1,65%",1.65,A UF tem 2.573.810 eleitores em 2022,"Isso equivale a 1,65% dos eleitores do Brasil"
2010,2,2º turno,22,PI,Piauí,Região Nordeste,Dilma (PT),José Serra (PSDB),Dilma,José Serra,PT,PSDB,2º turno,2º turno,1.112.380,477.092,1.589.472,"69,98","30,02","+39,96",+635.288,2.573.810,"1,65%",1.65,A UF tem 2.573.810 eleitores em 2022,"Isso equivale a 1,65% dos eleitores do Brasil"
2010,1,1º turno,22,PI,Piauí,Região Nordeste,Dilma (PT),José Serra (PSDB),Dilma,José Serra,PT,PSDB,2º turno,2º turno,1.088.205,339.445,1.622.041,"67,09","20,93","+46,16",+748.760,2.573.810,"1,65%",1.65,A UF tem 2.573.810 eleitores em 2022,"Isso equivale a 1,65% dos eleitores do Brasil"
2014,2,2º turno,22,PI,Piauí,Região Nordeste,Dilma (PT),Aécio Neves (PSDB),Dilma,Aécio Neves,PT,PSDB,Eleito,Não eleito,1.385.265,384.157,1.769.422,"78,29","21,71","+56,58",+1.001.108,2.573.810,"1,65%",1.65,A UF tem 2.573.810 eleitores em 2022,"Isso equivale a 1,65% dos eleitores do Brasil"
2014,1,1º turno,22,PI,Piauí,Região Nordeste,Dilma (PT),Aécio Neves (PSDB),Dilma,Aécio Neves,PT,PSDB,2º turno,2º turno,1.235.337,242.256,1.749.876,"70,6","13,84","+56,76",+993.081,2.573.810,"1,65%",1.65,A UF tem 2.573.810 eleitores em 2022,"Isso equivale a 1,65% dos eleitores do Brasil"
2018,1,1º turno,22,PI,Piauí,Região Nordeste,Fernando Haddad (PT),Jair Bolsonaro (PSL),Fernando Haddad,Jair Bolsonaro,PT,PSL,2º turno,2º turno,1.172.147,346.944,1.848.943,"63,4","18,76","+44,64",+825.203,2.573.810,"1,65%",1.65,A UF tem 2.573.810 eleitores em 2022,"Isso equivale a 1,65% dos eleitores do Brasil"
2018,2,2º turno,22,PI,Piauí,Região Nordeste,Fernando Haddad (PT),Jair Bolsonaro (PSL),Fernando Haddad,Jair Bolsonaro,PT,PSL,Não eleito,Eleito,1.417.113,422.095,1.839.208,"77,05","22,95","+54,1",+995.018,2.573.810,"1,65%",1.65,A UF tem 2.573.810 eleitores em 2022,"Isso equivale a 1,65% dos eleitores do Brasil"
2002,1,1º turno,41,PR,Paraná,Região Sul,Lula (PT),José Serra (PSDB),Lula,José Serra,PT,PSDB,2º turno,2º turno,2.540.328,1.367.384,5.067.229,"50,13","26,98","+23,15",+1.172.944,8.475.632,"5,42%",5.42,A UF tem 8.475.632 eleitores em 2022,"Isso equivale a 5,42% dos eleitores do Brasil"
2002,2,2º turno,41,PR,Paraná,Região Sul,Lula (PT),José Serra (PSDB),Lula,José Serra,PT,PSDB,Eleito,Não eleito,2.929.427,2.017.198,4.946.625,"59,22","40,78","+18,44",+912.229,8.475.632,"5,42%",5.42,A UF tem 8.475.632 eleitores em 2022,"Isso equivale a 5,42% dos eleitores do Brasil"
2006,2,2º turno,41,PR,Paraná,Região Sul,Lula (PT),Geraldo Alckmin (PSDB),Lula,Geraldo Alckmin,PT,PSDB,Eleito,Não eleito,2.663.423,2.744.697,5.408.120,"49,25","50,75","-1,5",-81.274,8.475.632,"5,42%",5.42,A UF tem 8.475.632 eleitores em 2022,"Isso equivale a 5,42% dos eleitores do Brasil"
2006,1,1º turno,41,PR,Paraná,Região Sul,Lula (PT),Geraldo Alckmin (PSDB),Lula,Geraldo Alckmin,PT,PSDB,2º turno,2º turno,2.111.589,2.953.572,5.571.418,"37,9","53,01","-15,11",-841.983,8.475.632,"5,42%",5.42,A UF tem 8.475.632 eleitores em 2022,"Isso equivale a 5,42% dos eleitores do Brasil"
2010,1,1º turno,41,PR,Paraná,Região Sul,Dilma (PT),José Serra (PSDB),Dilma,José Serra,PT,PSDB,2º turno,2º turno,2.311.239,2.607.664,5.935.001,"38,94","43,94",-5,-296.425,8.475.632,"5,42%",5.42,A UF tem 8.475.632 eleitores em 2022,"Isso equivale a 5,42% dos eleitores do Brasil"
2010,2,2º turno,41,PR,Paraná,Região Sul,Dilma (PT),José Serra (PSDB),Dilma,José Serra,PT,PSDB,2º turno,2º turno,2.593.086,3.226.216,5.819.302,"44,56","55,44","-10,88",-633.130,8.475.632,"5,42%",5.42,A UF tem 8.475.632 eleitores em 2022,"Isso equivale a 5,42% dos eleitores do Brasil"
2014,1,1º turno,41,PR,Paraná,Região Sul,Dilma (PT),Aécio Neves (PSDB),Dilma,Aécio Neves,PT,PSDB,2º turno,2º turno,1.973.421,3.021.988,6.067.868,"32,52","49,8","-17,28",-1.048.567,8.475.632,"5,42%",5.42,A UF tem 8.475.632 eleitores em 2022,"Isso equivale a 5,42% dos eleitores do Brasil"
2014,2,2º turno,41,PR,Paraná,Região Sul,Dilma (PT),Aécio Neves (PSDB),Dilma,Aécio Neves,PT,PSDB,Eleito,Não eleito,2.409.677,3.769.054,6.178.731,39,61,-22,-1.359.377,8.475.632,"5,42%",5.42,A UF tem 8.475.632 eleitores em 2022,"Isso equivale a 5,42% dos eleitores do Brasil"
2018,2,2º turno,41,PR,Paraná,Região Sul,Fernando Haddad (PT),Jair Bolsonaro (PSL),Fernando Haddad,Jair Bolsonaro,PT,PSL,Não eleito,Eleito,1.948.790,4.224.416,6.173.206,"31,57","68,43","-36,86",-2.275.626,8.475.632,"5,42%",5.42,A UF tem 8.475.632 eleitores em 2022,"Isso equivale a 5,42% dos eleitores do Brasil"
2018,1,1º turno,41,PR,Paraná,Região Sul,Fernando Haddad (PT),Jair Bolsonaro (PSL),Fernando Haddad,Jair Bolsonaro,PT,PSL,2º turno,2º turno,1.210.974,3.496.448,6.145.689,"19,7","56,89","-37,19",-2.285.474,8.475.632,"5,42%",5.42,A UF tem 8.475.632 eleitores em 2022,"Isso equivale a 5,42% dos eleitores do Brasil"
2002,1,1º turno,33,RJ,Rio de Janeiro,Região Sudeste,Lula (PT),José Serra (PSDB),Lula,José Serra,PT,PSDB,2º turno,2º turno,3.284.258,721.081,8.176.005,"40,17","8,82","+31,35",+2.563.177,12.827.296,"8,20%",8.20,A UF tem 12.827.296 eleitores em 2022,"Isso equivale a 8,20% dos eleitores do Brasil"
2002,2,2º turno,33,RJ,Rio de Janeiro,Região Sudeste,Lula (PT),José Serra (PSDB),Lula,José Serra,PT,PSDB,Eleito,Não eleito,6.318.104,1.682.472,8.000.576,"78,97","21,03","+57,94",+4.635.632,12.827.296,"8,20%",8.20,A UF tem 12.827.296 eleitores em 2022,"Isso equivale a 8,20% dos eleitores do Brasil"
2006,1,1º turno,33,RJ,Rio de Janeiro,Região Sudeste,Lula (PT),Geraldo Alckmin (PSDB),Lula,Geraldo Alckmin,PT,PSDB,2º turno,2º turno,4.092.648,2.402.076,8.322.533,"49,18","28,86","+20,32",+1.690.572,12.827.296,"8,20%",8.20,A UF tem 12.827.296 eleitores em 2022,"Isso equivale a 8,20% dos eleitores do Brasil"
2006,2,2º turno,33,RJ,Rio de Janeiro,Região Sudeste,Lula (PT),Geraldo Alckmin (PSDB),Lula,Geraldo Alckmin,PT,PSDB,Eleito,Não eleito,5.532.284,2.406.487,7.938.771,"69,69","30,31","+39,38",+3.125.797,12.827.296,"8,20%",8.20,A UF tem 12.827.296 eleitores em 2022,"Isso equivale a 8,20% dos eleitores do Brasil"
2010,2,2º turno,33,RJ,Rio de Janeiro,Região Sudeste,Dilma (PT),José Serra (PSDB),Dilma,José Serra,PT,PSDB,2º turno,2º turno,4.934.077,3.223.891,8.157.968,"60,48","39,52","+20,96",+1.710.186,12.827.296,"8,20%",8.20,A UF tem 12.827.296 eleitores em 2022,"Isso equivale a 8,20% dos eleitores do Brasil"
2010,1,1º turno,33,RJ,Rio de Janeiro,Região Sudeste,Dilma (PT),José Serra (PSDB),Dilma,José Serra,PT,PSDB,2º turno,2º turno,3.739.632,1.925.166,8.545.075,"43,76","22,53","+21,23",+1.814.466,12.827.296,"8,20%",8.20,A UF tem 12.827.296 eleitores em 2022,"Isso equivale a 8,20% dos eleitores do Brasil"
2014,1,1º turno,33,RJ,Rio de Janeiro,Região Sudeste,Dilma (PT),Aécio Neves (PSDB),Dilma,Aécio Neves,PT,PSDB,2º turno,2º turno,2.971.736,2.249.662,8.346.514,"35,6","26,95","+8,65",+722.074,12.827.296,"8,20%",8.20,A UF tem 12.827.296 eleitores em 2022,"Isso equivale a 8,20% dos eleitores do Brasil"
2014,2,2º turno,33,RJ,Rio de Janeiro,Região Sudeste,Dilma (PT),Aécio Neves (PSDB),Dilma,Aécio Neves,PT,PSDB,Eleito,Não eleito,4.489.860,3.685.122,8.174.982,"54,92","45,08","+9,84",+804.738,12.827.296,"8,20%",8.20,A UF tem 12.827.296 eleitores em 2022,"Isso equivale a 8,20% dos eleitores do Brasil"
2018,2,2º turno,33,RJ,Rio de Janeiro,Região Sudeste,Fernando Haddad (PT),Jair Bolsonaro (PSL),Fernando Haddad,Jair Bolsonaro,PT,PSL,Não eleito,Eleito,2.673.386,5.669.059,8.342.445,"32,05","67,95","-35,9",-2.995.673,12.827.296,"8,20%",8.20,A UF tem 12.827.296 eleitores em 2022,"Isso equivale a 8,20% dos eleitores do Brasil"
2018,1,1º turno,33,RJ,Rio de Janeiro,Região Sudeste,Fernando Haddad (PT),Jair Bolsonaro (PSL),Fernando Haddad,Jair Bolsonaro,PT,PSL,2º turno,2º turno,1.255.425,5.107.735,8.543.393,"14,69","59,79","-45,1",-3.852.310,12.827.296,"8,20%",8.20,A UF tem 12.827.296 eleitores em 2022,"Isso equivale a 8,20% dos eleitores do Brasil"
2002,2,2º turno,24,RN,Rio Grande do Norte,Região Nordeste,Lula (PT),José Serra (PSDB),Lula,José Serra,PT,PSDB,Eleito,Não eleito,781.947,551.628,1.333.575,"58,64","41,36","+17,28",+230.319,2.554.727,"1,63%",1.63,A UF tem 2.554.727 eleitores em 2022,"Isso equivale a 1,63% dos eleitores do Brasil"
2002,1,1º turno,24,RN,Rio Grande do Norte,Região Nordeste,Lula (PT),José Serra (PSDB),Lula,José Serra,PT,PSDB,2º turno,2º turno,581.544,296.856,1.331.410,"43,68","22,3","+21,38",+284.688,2.554.727,"1,63%",1.63,A UF tem 2.554.727 eleitores em 2022,"Isso equivale a 1,63% dos eleitores do Brasil"
2006,1,1º turno,24,RN,Rio Grande do Norte,Região Nordeste,Lula (PT),Geraldo Alckmin (PSDB),Lula,Geraldo Alckmin,PT,PSDB,2º turno,2º turno,952.796,499.934,1.583.545,"60,17","31,57","+28,6",+452.862,2.554.727,"1,63%",1.63,A UF tem 2.554.727 eleitores em 2022,"Isso equivale a 1,63% dos eleitores do Brasil"
2006,2,2º turno,24,RN,Rio Grande do Norte,Região Nordeste,Lula (PT),Geraldo Alckmin (PSDB),Lula,Geraldo Alckmin,PT,PSDB,Eleito,Não eleito,1.099.150,477.212,1.576.362,"69,73","30,27","+39,46",+621.938,2.554.727,"1,63%",1.63,A UF tem 2.554.727 eleitores em 2022,"Isso equivale a 1,63% dos eleitores do Brasil"
2010,2,2º turno,24,RN,Rio Grande do Norte,Região Nordeste,Dilma (PT),José Serra (PSDB),Dilma,José Serra,PT,PSDB,2º turno,2º turno,979.772,665.726,1.645.498,"59,54","40,46","+19,08",+314.046,2.554.727,"1,63%",1.63,A UF tem 2.554.727 eleitores em 2022,"Isso equivale a 1,63% dos eleitores do Brasil"
2010,1,1º turno,24,RN,Rio Grande do Norte,Região Nordeste,Dilma (PT),José Serra (PSDB),Dilma,José Serra,PT,PSDB,2º turno,2º turno,846.416,460.107,1.635.163,"51,76","28,14","+23,62",+386.309,2.554.727,"1,63%",1.63,A UF tem 2.554.727 eleitores em 2022,"Isso equivale a 1,63% dos eleitores do Brasil"
2014,1,1º turno,24,RN,Rio Grande do Norte,Região Nordeste,Dilma (PT),Aécio Neves (PSDB),Dilma,Aécio Neves,PT,PSDB,2º turno,2º turno,999.625,330.264,1.664.918,"60,04","19,84","+40,2",+669.361,2.554.727,"1,63%",1.63,A UF tem 2.554.727 eleitores em 2022,"Isso equivale a 1,63% dos eleitores do Brasil"
2014,2,2º turno,24,RN,Rio Grande do Norte,Região Nordeste,Dilma (PT),Aécio Neves (PSDB),Dilma,Aécio Neves,PT,PSDB,Eleito,Não eleito,1.201.768,516.487,1.718.255,"69,94","30,06","+39,88",+685.281,2.554.727,"1,63%",1.63,A UF tem 2.554.727 eleitores em 2022,"Isso equivale a 1,63% dos eleitores do Brasil"
2018,1,1º turno,24,RN,Rio Grande do Norte,Região Nordeste,Fernando Haddad (PT),Jair Bolsonaro (PSL),Fernando Haddad,Jair Bolsonaro,PT,PSL,2º turno,2º turno,738.165,541.448,1.792.253,"41,19","30,21","+10,98",+196.717,2.554.727,"1,63%",1.63,A UF tem 2.554.727 eleitores em 2022,"Isso equivale a 1,63% dos eleitores do Brasil"
2018,2,2º turno,24,RN,Rio Grande do Norte,Região Nordeste,Fernando Haddad (PT),Jair Bolsonaro (PSL),Fernando Haddad,Jair Bolsonaro,PT,PSL,Não eleito,Eleito,1.131.027,652.562,1.783.589,"63,41","36,59","+26,82",+478.465,2.554.727,"1,63%",1.63,A UF tem 2.554.727 eleitores em 2022,"Isso equivale a 1,63% dos eleitores do Brasil"
2002,1,1º turno,11,RO,Rondônia,Região Norte,Lula (PT),José Serra (PSDB),Lula,José Serra,PT,PSDB,2º turno,2º turno,283.279,128,628.971,"45,04","20,35","+24,69",+155.279,1.230.987,"0,79%",0.79,A UF tem 1.230.987 eleitores em 2022,"Isso equivale a 0,79% dos eleitores do Brasil"
2002,2,2º turno,11,RO,Rondônia,Região Norte,Lula (PT),José Serra (PSDB),Lula,José Serra,PT,PSDB,Eleito,Não eleito,334.264,267.32,601.584,"55,56","44,44","+11,12",+66.944,1.230.987,"0,79%",0.79,A UF tem 1.230.987 eleitores em 2022,"Isso equivale a 0,79% dos eleitores do Brasil"
2006,1,1º turno,11,RO,Rondônia,Região Norte,Lula (PT),Geraldo Alckmin (PSDB),Lula,Geraldo Alckmin,PT,PSDB,2º turno,2º turno,329.598,344.096,731.42,"45,06","47,04","-1,98",-14.498,1.230.987,"0,79%",0.79,A UF tem 1.230.987 eleitores em 2022,"Isso equivale a 0,79% dos eleitores do Brasil"
2006,2,2º turno,11,RO,Rondônia,Região Norte,Lula (PT),Geraldo Alckmin (PSDB),Lula,Geraldo Alckmin,PT,PSDB,Eleito,Não eleito,397.327,320.806,718.133,"55,33","44,67","+10,66",+76.521,1.230.987,"0,79%",0.79,A UF tem 1.230.987 eleitores em 2022,"Isso equivale a 0,79% dos eleitores do Brasil"
2010,1,1º turno,11,RO,Rondônia,Região Norte,Dilma (PT),José Serra (PSDB),Dilma,José Serra,PT,PSDB,2º turno,2º turno,321.712,358.435,789.664,"40,74","45,39","-4,65",-36.723,1.230.987,"0,79%",0.79,A UF tem 1.230.987 eleitores em 2022,"Isso equivale a 0,79% dos eleitores do Brasil"
2010,2,2º turno,11,RO,Rondônia,Região Norte,Dilma (PT),José Serra (PSDB),Dilma,José Serra,PT,PSDB,2º turno,2º turno,347.138,385.735,732.873,"47,37","52,63","-5,26",-38.597,1.230.987,"0,79%",0.79,A UF tem 1.230.987 eleitores em 2022,"Isso equivale a 0,79% dos eleitores do Brasil"
2014,1,1º turno,11,RO,Rondônia,Região Norte,Dilma (PT),Aécio Neves (PSDB),Dilma,Aécio Neves,PT,PSDB,2º turno,2º turno,345.305,371.937,828.232,"41,69","44,91","-3,22",-26.632,1.230.987,"0,79%",0.79,A UF tem 1.230.987 eleitores em 2022,"Isso equivale a 0,79% dos eleitores do Brasil"
2014,2,2º turno,11,RO,Rondônia,Região Norte,Dilma (PT),Aécio Neves (PSDB),Dilma,Aécio Neves,PT,PSDB,Eleito,Não eleito,364.213,442.698,806.911,"45,14","54,86","-9,72",-78.485,1.230.987,"0,79%",0.79,A UF tem 1.230.987 eleitores em 2022,"Isso equivale a 0,79% dos eleitores do Brasil"
2018,1,1º turno,11,RO,Rondônia,Região Norte,Fernando Haddad (PT),Jair Bolsonaro (PSL),Fernando Haddad,Jair Bolsonaro,PT,PSL,2º turno,2º turno,176.107,538.311,864.901,"20,36","62,24","-41,88",-362.204,1.230.987,"0,79%",0.79,A UF tem 1.230.987 eleitores em 2022,"Isso equivale a 0,79% dos eleitores do Brasil"
2018,2,2º turno,11,RO,Rondônia,Região Norte,Fernando Haddad (PT),Jair Bolsonaro (PSL),Fernando Haddad,Jair Bolsonaro,PT,PSL,Não eleito,Eleito,229.343,594.968,824.311,"27,82","72,18","-44,36",-365.625,1.230.987,"0,79%",0.79,A UF tem 1.230.987 eleitores em 2022,"Isso equivale a 0,79% dos eleitores do Brasil"
2002,2,2º turno,14,RR,Roraima,Região Norte,Lula (PT),José Serra (PSDB),Lula,José Serra,PT,PSDB,Eleito,Não eleito,104.087,54.692,158.779,"65,55","34,45","+31,1",+49.395,366.24,"0,23%",0.23,A UF tem 366.240 eleitores em 2022,"Isso equivale a 0,23% dos eleitores do Brasil"
2002,1,1º turno,14,RR,Roraima,Região Norte,Lula (PT),José Serra (PSDB),Lula,José Serra,PT,PSDB,2º turno,2º turno,71.952,19.195,160.017,"44,97",12,"+32,97",+52.757,366.24,"0,23%",0.23,A UF tem 366.240 eleitores em 2022,"Isso equivale a 0,23% dos eleitores do Brasil"
2006,2,2º turno,14,RR,Roraima,Região Norte,Lula (PT),Geraldo Alckmin (PSDB),Lula,Geraldo Alckmin,PT,PSDB,Eleito,Não eleito,66.932,106.89,173.822,"38,51","61,49","-22,98",-39.958,366.24,"0,23%",0.23,A UF tem 366.240 eleitores em 2022,"Isso equivale a 0,23% dos eleitores do Brasil"
2006,1,1º turno,14,RR,Roraima,Região Norte,Lula (PT),Geraldo Alckmin (PSDB),Lula,Geraldo Alckmin,PT,PSDB,2º turno,2º turno,49.433,112.908,189.022,"26,15","59,73","-33,58",-63.475,366.24,"0,23%",0.23,A UF tem 366.240 eleitores em 2022,"Isso equivale a 0,23% dos eleitores do Brasil"
2010,1,1º turno,14,RR,Roraima,Região Norte,Dilma (PT),José Serra (PSDB),Dilma,José Serra,PT,PSDB,2º turno,2º turno,63.927,113.601,222.621,"28,72","51,03","-22,31",-49.674,366.24,"0,23%",0.23,A UF tem 366.240 eleitores em 2022,"Isso equivale a 0,23% dos eleitores do Brasil"
2010,2,2º turno,14,RR,Roraima,Região Norte,Dilma (PT),José Serra (PSDB),Dilma,José Serra,PT,PSDB,2º turno,2º turno,71.28,141.896,213.176,"33,44","66,56","-33,12",-70.616,366.24,"0,23%",0.23,A UF tem 366.240 eleitores em 2022,"Isso equivale a 0,23% dos eleitores do Brasil"
2014,1,1º turno,14,RR,Roraima,Região Norte,Dilma (PT),Aécio Neves (PSDB),Dilma,Aécio Neves,PT,PSDB,2º turno,2º turno,82.942,109.07,250.016,"33,17","43,63","-10,46",-26.128,366.24,"0,23%",0.23,A UF tem 366.240 eleitores em 2022,"Isso equivale a 0,23% dos eleitores do Brasil"
2014,2,2º turno,14,RR,Roraima,Região Norte,Dilma (PT),Aécio Neves (PSDB),Dilma,Aécio Neves,PT,PSDB,Eleito,Não eleito,97.425,139.752,237.177,"41,08","58,92","-17,84",-42.327,366.24,"0,23%",0.23,A UF tem 366.240 eleitores em 2022,"Isso equivale a 0,23% dos eleitores do Brasil"
2018,2,2º turno,14,RR,Roraima,Região Norte,Fernando Haddad (PT),Jair Bolsonaro (PSL),Fernando Haddad,Jair Bolsonaro,PT,PSL,Não eleito,Eleito,72.872,183.268,256.14,"28,45","71,55","-43,1",-110.396,366.24,"0,23%",0.23,A UF tem 366.240 eleitores em 2022,"Isso equivale a 0,23% dos eleitores do Brasil"
2018,1,1º turno,14,RR,Roraima,Região Norte,Fernando Haddad (PT),Jair Bolsonaro (PSL),Fernando Haddad,Jair Bolsonaro,PT,PSL,2º turno,2º turno,49.406,174.306,276.788,"17,85","62,97","-45,12",-124.900,366.24,"0,23%",0.23,A UF tem 366.240 eleitores em 2022,"Isso equivale a 0,23% dos eleitores do Brasil"
2002,2,2º turno,43,RS,Rio Grande do Sul,Região Sul,Lula (PT),José Serra (PSDB),Lula,José Serra,PT,PSDB,Eleito,Não eleito,3.297.354,2.608.109,5.905.463,"55,84","44,16","+11,68",+689.245,8.593.469,"5,49%",5.49,A UF tem 8.593.469 eleitores em 2022,"Isso equivale a 5,49% dos eleitores do Brasil"
2002,1,1º turno,43,RS,Rio Grande do Sul,Região Sul,Lula (PT),José Serra (PSDB),Lula,José Serra,PT,PSDB,2º turno,2º turno,2.667.451,1.913.186,5.903.760,"45,18","32,41","+12,77",+754.265,8.593.469,"5,49%",5.49,A UF tem 8.593.469 eleitores em 2022,"Isso equivale a 5,49% dos eleitores do Brasil"
2006,1,1º turno,43,RS,Rio Grande do Sul,Região Sul,Lula (PT),Geraldo Alckmin (PSDB),Lula,Geraldo Alckmin,PT,PSDB,2º turno,2º turno,2.052.656,3.460.730,6.206.741,"33,07","55,76","-22,69",-1.408.074,8.593.469,"5,49%",5.49,A UF tem 8.593.469 eleitores em 2022,"Isso equivale a 5,49% dos eleitores do Brasil"
2006,2,2º turno,43,RS,Rio Grande do Sul,Região Sul,Lula (PT),Geraldo Alckmin (PSDB),Lula,Geraldo Alckmin,PT,PSDB,Eleito,Não eleito,2.811.658,3.485.916,6.297.574,"44,65","55,35","-10,7",-674.258,8.593.469,"5,49%",5.49,A UF tem 8.593.469 eleitores em 2022,"Isso equivale a 5,49% dos eleitores do Brasil"
2010,2,2º turno,43,RS,Rio Grande do Sul,Região Sul,Dilma (PT),José Serra (PSDB),Dilma,José Serra,PT,PSDB,2º turno,2º turno,3.117.761,3.237.207,6.354.968,"49,06","50,94","-1,88",-119.446,8.593.469,"5,49%",5.49,A UF tem 8.593.469 eleitores em 2022,"Isso equivale a 5,49% dos eleitores do Brasil"
2010,1,1º turno,43,RS,Rio Grande do Sul,Região Sul,Dilma (PT),José Serra (PSDB),Dilma,José Serra,PT,PSDB,2º turno,2º turno,3.007.263,2.600.389,6.405.761,"46,95","40,59","+6,36",+406.874,8.593.469,"5,49%",5.49,A UF tem 8.593.469 eleitores em 2022,"Isso equivale a 5,49% dos eleitores do Brasil"
2014,2,2º turno,43,RS,Rio Grande do Sul,Região Sul,Dilma (PT),Aécio Neves (PSDB),Dilma,Aécio Neves,PT,PSDB,Eleito,Não eleito,2.998.545,3.455.214,6.453.759,"46,46","53,54","-7,08",-456.669,8.593.469,"5,49%",5.49,A UF tem 8.593.469 eleitores em 2022,"Isso equivale a 5,49% dos eleitores do Brasil"
2014,1,1º turno,43,RS,Rio Grande do Sul,Região Sul,Dilma (PT),Aécio Neves (PSDB),Dilma,Aécio Neves,PT,PSDB,2º turno,2º turno,2.752.075,2.639.647,6.371.774,"43,19","41,43","+1,76",+112.428,8.593.469,"5,49%",5.49,A UF tem 8.593.469 eleitores em 2022,"Isso equivale a 5,49% dos eleitores do Brasil"
2018,2,2º turno,43,RS,Rio Grande do Sul,Região Sul,Fernando Haddad (PT),Jair Bolsonaro (PSL),Fernando Haddad,Jair Bolsonaro,PT,PSL,Não eleito,Eleito,2.263.171,3.893.737,6.156.908,"36,76","63,24","-26,48",-1.630.566,8.593.469,"5,49%",5.49,A UF tem 8.593.469 eleitores em 2022,"Isso equivale a 5,49% dos eleitores do Brasil"
2018,1,1º turno,43,RS,Rio Grande do Sul,Região Sul,Fernando Haddad (PT),Jair Bolsonaro (PSL),Fernando Haddad,Jair Bolsonaro,PT,PSL,2º turno,2º turno,1.453.291,3.353.623,6.372.436,"22,81","52,63","-29,82",-1.900.332,8.593.469,"5,49%",5.49,A UF tem 8.593.469 eleitores em 2022,"Isso equivale a 5,49% dos eleitores do Brasil"
2002,1,1º turno,42,SC,Santa Catarina,Região Sul,Lula (PT),José Serra (PSDB),Lula,José Serra,PT,PSDB,2º turno,2º turno,1.719.739,707.239,3.038.457,"56,6","23,28","+33,32",+1.012.500,5.489.658,"3,51%",3.51,A UF tem 5.489.658 eleitores em 2022,"Isso equivale a 3,51% dos eleitores do Brasil"
2002,2,2º turno,42,SC,Santa Catarina,Região Sul,Lula (PT),José Serra (PSDB),Lula,José Serra,PT,PSDB,Eleito,Não eleito,1.914.684,1.070.502,2.985.186,"64,14","35,86","+28,28",+844.182,5.489.658,"3,51%",3.51,A UF tem 5.489.658 eleitores em 2022,"Isso equivale a 3,51% dos eleitores do Brasil"
2006,2,2º turno,42,SC,Santa Catarina,Região Sul,Lula (PT),Geraldo Alckmin (PSDB),Lula,Geraldo Alckmin,PT,PSDB,Eleito,Não eleito,1.481.344,1.776.776,3.258.120,"45,47","54,53","-9,06",-295.432,5.489.658,"3,51%",3.51,A UF tem 5.489.658 eleitores em 2022,"Isso equivale a 3,51% dos eleitores do Brasil"
2006,1,1º turno,42,SC,Santa Catarina,Região Sul,Lula (PT),Geraldo Alckmin (PSDB),Lula,Geraldo Alckmin,PT,PSDB,2º turno,2º turno,1.108.851,1.889.277,3.337.622,"33,22","56,61","-23,39",-780.426,5.489.658,"3,51%",3.51,A UF tem 5.489.658 eleitores em 2022,"Isso equivale a 3,51% dos eleitores do Brasil"
2010,1,1º turno,42,SC,Santa Catarina,Região Sul,Dilma (PT),José Serra (PSDB),Dilma,José Serra,PT,PSDB,2º turno,2º turno,1.402.566,1.658.161,3.623.129,"38,71","45,77","-7,06",-255.595,5.489.658,"3,51%",3.51,A UF tem 5.489.658 eleitores em 2022,"Isso equivale a 3,51% dos eleitores do Brasil"
2010,2,2º turno,42,SC,Santa Catarina,Região Sul,Dilma (PT),José Serra (PSDB),Dilma,José Serra,PT,PSDB,2º turno,2º turno,1.556.226,2.030.135,3.586.361,"43,39","56,61","-13,22",-473.909,5.489.658,"3,51%",3.51,A UF tem 5.489.658 eleitores em 2022,"Isso equivale a 3,51% dos eleitores do Brasil"
2014,2,2º turno,42,SC,Santa Catarina,Região Sul,Dilma (PT),Aécio Neves (PSDB),Dilma,Aécio Neves,PT,PSDB,Eleito,Não eleito,1.354.775,2.472.142,3.826.917,"35,4","64,6","-29,2",-1.117.367,5.489.658,"3,51%",3.51,A UF tem 5.489.658 eleitores em 2022,"Isso equivale a 3,51% dos eleitores do Brasil"
2014,1,1º turno,42,SC,Santa Catarina,Região Sul,Dilma (PT),Aécio Neves (PSDB),Dilma,Aécio Neves,PT,PSDB,2º turno,2º turno,1.141.102,1.963.772,3.712.293,"30,74","52,9","-22,16",-822.670,5.489.658,"3,51%",3.51,A UF tem 5.489.658 eleitores em 2022,"Isso equivale a 3,51% dos eleitores do Brasil"
2018,1,1º turno,42,SC,Santa Catarina,Região Sul,Fernando Haddad (PT),Jair Bolsonaro (PSL),Fernando Haddad,Jair Bolsonaro,PT,PSL,2º turno,2º turno,598.578,2.603.665,3.955.783,"15,13","65,82","-50,69",-2.005.087,5.489.658,"3,51%",3.51,A UF tem 5.489.658 eleitores em 2022,"Isso equivale a 3,51% dos eleitores do Brasil"
2018,2,2º turno,42,SC,Santa Catarina,Região Sul,Fernando Haddad (PT),Jair Bolsonaro (PSL),Fernando Haddad,Jair Bolsonaro,PT,PSL,Não eleito,Eleito,940.724,2.966.242,3.906.966,"24,08","75,92","-51,84",-2.025.518,5.489.658,"3,51%",3.51,A UF tem 5.489.658 eleitores em 2022,"Isso equivale a 3,51% dos eleitores do Brasil"
2002,2,2º turno,28,SE,Sergipe,Região Nordeste,Lula (PT),José Serra (PSDB),Lula,José Serra,PT,PSDB,Eleito,Não eleito,490.989,362.923,853.912,"57,5","42,5",+15,+128.066,1.671.801,"1,07%",1.07,A UF tem 1.671.801 eleitores em 2022,"Isso equivale a 1,07% dos eleitores do Brasil"
2002,1,1º turno,28,SE,Sergipe,Região Nordeste,Lula (PT),José Serra (PSDB),Lula,José Serra,PT,PSDB,2º turno,2º turno,357.557,160.348,807.631,"44,27","19,85","+24,42",+197.209,1.671.801,"1,07%",1.07,A UF tem 1.671.801 eleitores em 2022,"Isso equivale a 1,07% dos eleitores do Brasil"
2006,2,2º turno,28,SE,Sergipe,Região Nordeste,Lula (PT),Geraldo Alckmin (PSDB),Lula,Geraldo Alckmin,PT,PSDB,Eleito,Não eleito,611.337,404.897,1.016.234,"60,16","39,84","+20,32",+206.440,1.671.801,"1,07%",1.07,A UF tem 1.671.801 eleitores em 2022,"Isso equivale a 1,07% dos eleitores do Brasil"
2006,1,1º turno,28,SE,Sergipe,Região Nordeste,Lula (PT),Geraldo Alckmin (PSDB),Lula,Geraldo Alckmin,PT,PSDB,2º turno,2º turno,476.399,446.454,1.006.465,"47,33","44,36","+2,97",+29.945,1.671.801,"1,07%",1.07,A UF tem 1.671.801 eleitores em 2022,"Isso equivale a 1,07% dos eleitores do Brasil"
2010,1,1º turno,28,SE,Sergipe,Região Nordeste,Dilma (PT),José Serra (PSDB),Dilma,José Serra,PT,PSDB,2º turno,2º turno,506.802,404.584,1.063.254,"47,67","38,05","+9,62",+102.218,1.671.801,"1,07%",1.07,A UF tem 1.671.801 eleitores em 2022,"Isso equivale a 1,07% dos eleitores do Brasil"
2010,2,2º turno,28,SE,Sergipe,Região Nordeste,Dilma (PT),José Serra (PSDB),Dilma,José Serra,PT,PSDB,2º turno,2º turno,568.862,493.28,1.062.142,"53,56","46,44","+7,12",+75.582,1.671.801,"1,07%",1.07,A UF tem 1.671.801 eleitores em 2022,"Isso equivale a 1,07% dos eleitores do Brasil"
2014,1,1º turno,28,SE,Sergipe,Região Nordeste,Dilma (PT),Aécio Neves (PSDB),Dilma,Aécio Neves,PT,PSDB,2º turno,2º turno,601.74,248.756,1.095.939,"54,91","22,7","+32,21",+352.984,1.671.801,"1,07%",1.07,A UF tem 1.671.801 eleitores em 2022,"Isso equivale a 1,07% dos eleitores do Brasil"
2014,2,2º turno,28,SE,Sergipe,Região Nordeste,Dilma (PT),Aécio Neves (PSDB),Dilma,Aécio Neves,PT,PSDB,Eleito,Não eleito,772.482,380.654,1.153.136,"66,99","33,01","+33,98",+391.828,1.671.801,"1,07%",1.07,A UF tem 1.671.801 eleitores em 2022,"Isso equivale a 1,07% dos eleitores do Brasil"
2018,1,1º turno,28,SE,Sergipe,Região Nordeste,Fernando Haddad (PT),Jair Bolsonaro (PSL),Fernando Haddad,Jair Bolsonaro,PT,PSL,2º turno,2º turno,571.234,310.31,1.140.380,"50,09","27,21","+22,88",+260.924,1.671.801,"1,07%",1.07,A UF tem 1.671.801 eleitores em 2022,"Isso equivale a 1,07% dos eleitores do Brasil"
2018,2,2º turno,28,SE,Sergipe,Região Nordeste,Fernando Haddad (PT),Jair Bolsonaro (PSL),Fernando Haddad,Jair Bolsonaro,PT,PSL,Não eleito,Eleito,759.061,364.86,1.123.921,"67,54","32,46","+35,08",+394.201,1.671.801,"1,07%",1.07,A UF tem 1.671.801 eleitores em 2022,"Isso equivale a 1,07% dos eleitores do Brasil"
2002,2,2º turno,35,SP,São Paulo,Região Sudeste,Lula (PT),José Serra (PSDB),Lula,José Serra,PT,PSDB,Eleito,Não eleito,11.264.282,9.073.187,20.337.469,"55,39","44,61","+10,78",+2.191.095,34.667.793,"22,16%",22.16,A UF tem 34.667.793 eleitores em 2022,"Isso equivale a 22,16% dos eleitores do Brasil"
2002,1,1º turno,35,SP,São Paulo,Região Sudeste,Lula (PT),José Serra (PSDB),Lula,José Serra,PT,PSDB,2º turno,2º turno,9.106.914,5.633.365,19.749.403,"46,11","28,52","+17,59",+3.473.549,34.667.793,"22,16%",22.16,A UF tem 34.667.793 eleitores em 2022,"Isso equivale a 22,16% dos eleitores do Brasil"
2006,2,2º turno,35,SP,São Paulo,Região Sudeste,Lula (PT),Geraldo Alckmin (PSDB),Lula,Geraldo Alckmin,PT,PSDB,Eleito,Não eleito,10.684.776,11.696.938,22.381.714,"47,74","52,26","-4,52",-1.012.162,34.667.793,"22,16%",22.16,A UF tem 34.667.793 eleitores em 2022,"Isso equivale a 22,16% dos eleitores do Brasil"
2006,1,1º turno,35,SP,São Paulo,Região Sudeste,Lula (PT),Geraldo Alckmin (PSDB),Lula,Geraldo Alckmin,PT,PSDB,2º turno,2º turno,8.091.867,11.927.802,22.009.043,"36,77","54,2","-17,43",-3.835.935,34.667.793,"22,16%",22.16,A UF tem 34.667.793 eleitores em 2022,"Isso equivale a 22,16% dos eleitores do Brasil"
2010,2,2º turno,35,SP,São Paulo,Região Sudeste,Dilma (PT),José Serra (PSDB),Dilma,José Serra,PT,PSDB,2º turno,2º turno,10.462.447,12.308.483,22.770.930,"45,95","54,05","-8,1",-1.846.036,34.667.793,"22,16%",22.16,A UF tem 34.667.793 eleitores em 2022,"Isso equivale a 22,16% dos eleitores do Brasil"
2010,1,1º turno,35,SP,São Paulo,Região Sudeste,Dilma (PT),José Serra (PSDB),Dilma,José Serra,PT,PSDB,2º turno,2º turno,8.740.949,9.524.050,23.426.299,"37,31","40,66","-3,35",-783.101,34.667.793,"22,16%",22.16,A UF tem 34.667.793 eleitores em 2022,"Isso equivale a 22,16% dos eleitores do Brasil"
2014,1,1º turno,35,SP,São Paulo,Região Sudeste,Dilma (PT),Aécio Neves (PSDB),Dilma,Aécio Neves,PT,PSDB,2º turno,2º turno,5.930.661,10.165.921,22.980.372,"25,81","44,24","-18,43",-4.235.260,34.667.793,"22,16%",22.16,A UF tem 34.667.793 eleitores em 2022,"Isso equivale a 22,16% dos eleitores do Brasil"
2014,2,2º turno,35,SP,São Paulo,Região Sudeste,Dilma (PT),Aécio Neves (PSDB),Dilma,Aécio Neves,PT,PSDB,Eleito,Não eleito,8.492.620,15.311.664,23.804.284,"35,68","64,32","-28,64",-6.819.044,34.667.793,"22,16%",22.16,A UF tem 34.667.793 eleitores em 2022,"Isso equivale a 22,16% dos eleitores do Brasil"
2018,2,2º turno,35,SP,São Paulo,Região Sudeste,Fernando Haddad (PT),Jair Bolsonaro (PSL),Fernando Haddad,Jair Bolsonaro,PT,PSL,Não eleito,Eleito,7.212.132,15.306.023,22.518.155,"32,03","67,97","-35,94",-8.093.891,34.667.793,"22,16%",22.16,A UF tem 34.667.793 eleitores em 2022,"Isso equivale a 22,16% dos eleitores do Brasil"
2018,1,1º turno,35,SP,São Paulo,Região Sudeste,Fernando Haddad (PT),Jair Bolsonaro (PSL),Fernando Haddad,Jair Bolsonaro,PT,PSL,2º turno,2º turno,3.833.982,12.378.012,23.352.779,"16,42",53,"-36,58",-8.544.030,34.667.793,"22,16%",22.16,A UF tem 34.667.793 eleitores em 2022,"Isso equivale a 22,16% dos eleitores do Brasil"
2002,2,2º turno,17,TO,Tocantins,Região Norte,Lula (PT),José Serra (PSDB),Lula,José Serra,PT,PSDB,Eleito,Não eleito,288.405,245.349,533.754,"54,03","45,97","+8,06",+43.056,1.094.003,"0,70%",0.70,A UF tem 1.094.003 eleitores em 2022,"Isso equivale a 0,70% dos eleitores do Brasil"
2002,1,1º turno,17,TO,Tocantins,Região Norte,Lula (PT),José Serra (PSDB),Lula,José Serra,PT,PSDB,2º turno,2º turno,225.291,177.547,522.667,"43,1","33,97","+9,13",+47.744,1.094.003,"0,70%",0.70,A UF tem 1.094.003 eleitores em 2022,"Isso equivale a 0,70% dos eleitores do Brasil"
2006,1,1º turno,17,TO,Tocantins,Região Norte,Lula (PT),Geraldo Alckmin (PSDB),Lula,Geraldo Alckmin,PT,PSDB,2º turno,2º turno,392.151,249.544,668.928,"58,62","37,31","+21,31",+142.607,1.094.003,"0,70%",0.70,A UF tem 1.094.003 eleitores em 2022,"Isso equivale a 0,70% dos eleitores do Brasil"
2006,2,2º turno,17,TO,Tocantins,Região Norte,Lula (PT),Geraldo Alckmin (PSDB),Lula,Geraldo Alckmin,PT,PSDB,Eleito,Não eleito,447.849,189.491,637.34,"70,27","29,73","+40,54",+258.358,1.094.003,"0,70%",0.70,A UF tem 1.094.003 eleitores em 2022,"Isso equivale a 0,70% dos eleitores do Brasil"
2010,2,2º turno,17,TO,Tocantins,Região Norte,Dilma (PT),José Serra (PSDB),Dilma,José Serra,PT,PSDB,2º turno,2º turno,391.279,273.306,664.585,"58,88","41,12","+17,76",+117.973,1.094.003,"0,70%",0.70,A UF tem 1.094.003 eleitores em 2022,"Isso equivale a 0,70% dos eleitores do Brasil"
2010,1,1º turno,17,TO,Tocantins,Região Norte,Dilma (PT),José Serra (PSDB),Dilma,José Serra,PT,PSDB,2º turno,2º turno,362.383,198.979,710.864,"50,98","27,99","+22,99",+163.404,1.094.003,"0,70%",0.70,A UF tem 1.094.003 eleitores em 2022,"Isso equivale a 0,70% dos eleitores do Brasil"
2014,2,2º turno,17,TO,Tocantins,Região Norte,Dilma (PT),Aécio Neves (PSDB),Dilma,Aécio Neves,PT,PSDB,Eleito,Não eleito,428.774,292.176,720.95,"59,47","40,53","+18,94",+136.598,1.094.003,"0,70%",0.70,A UF tem 1.094.003 eleitores em 2022,"Isso equivale a 0,70% dos eleitores do Brasil"
2014,1,1º turno,17,TO,Tocantins,Região Norte,Dilma (PT),Aécio Neves (PSDB),Dilma,Aécio Neves,PT,PSDB,2º turno,2º turno,368.431,203.183,733.776,"50,21","27,69","+22,52",+165.248,1.094.003,"0,70%",0.70,A UF tem 1.094.003 eleitores em 2022,"Isso equivale a 0,70% dos eleitores do Brasil"
2018,1,1º turno,17,TO,Tocantins,Região Norte,Fernando Haddad (PT),Jair Bolsonaro (PSL),Fernando Haddad,Jair Bolsonaro,PT,PSL,2º turno,2º turno,311.212,337.782,756.76,"41,12","44,64","-3,52",-26.570,1.094.003,"0,70%",0.70,A UF tem 1.094.003 eleitores em 2022,"Isso equivale a 0,70% dos eleitores do Brasil"
2018,2,2º turno,17,TO,Tocantins,Região Norte,Fernando Haddad (PT),Jair Bolsonaro (PSL),Fernando Haddad,Jair Bolsonaro,PT,PSL,Não eleito,Eleito,371.593,356.684,728.277,"51,02","48,98","+2,04",+14.909,1.094.003,"0,70%",0.70,A UF tem 1.094.003 eleitores em 2022,"Isso equivale a 0,70% dos eleitores do Brasil"
2010,2,2º turno,-,VT,-,Voto em trânsito,Dilma (PT),José Serra (PSDB),Dilma,José Serra,PT,PSDB,2º turno,2º turno,28.018,25.017,53.035,"52,83","47,17","+5,66",+3.001,-,-,-,-,-
2010,1,1º turno,-,VT,-,Voto em trânsito,Dilma (PT),José Serra (PSDB),Dilma,José Serra,PT,PSDB,2º turno,2º turno,25.331,20.173,64.698,"39,15","31,18","+7,97",+5.158,-,-,-,-,-
2006,1,1º turno,-,ZZ,-,Exterior,Lula (PT),Geraldo Alckmin (PSDB),Lula,Geraldo Alckmin,PT,PSDB,2º turno,2º turno,15.551,17.513,39.077,"39,8","44,82","-5,02",-1.962,697.078,"0,45%",0.45,O Exterior tem 697.078 eleitores em 2022,"Isso equivale a 0,45% dos eleitores do Brasil"
2006,2,2º turno,-,ZZ,-,Exterior,Lula (PT),Geraldo Alckmin (PSDB),Lula,Geraldo Alckmin,PT,PSDB,Eleito,Não eleito,17.948,20.912,38.86,"46,19","53,81","-7,62",-2.964,697.078,"0,45%",0.45,O Exterior tem 697.078 eleitores em 2022,"Isso equivale a 0,45% dos eleitores do Brasil"
2010,2,2º turno,-,ZZ,-,Exterior,Dilma (PT),José Serra (PSDB),Dilma,José Serra,PT,PSDB,2º turno,2º turno,33.112,47.913,81.025,"40,87","59,13","-18,26",-14.801,697.078,"0,45%",0.45,O Exterior tem 697.078 eleitores em 2022,"Isso equivale a 0,45% dos eleitores do Brasil"
2010,1,1º turno,-,ZZ,-,Exterior,Dilma (PT),José Serra (PSDB),Dilma,José Serra,PT,PSDB,2º turno,2º turno,31.036,33.933,84.303,"36,81","40,25","-3,44",-2.897,697.078,"0,45%",0.45,O Exterior tem 697.078 eleitores em 2022,"Isso equivale a 0,45% dos eleitores do Brasil"
2014,1,1º turno,-,ZZ,-,Exterior,Dilma (PT),Aécio Neves (PSDB),Dilma,Aécio Neves,PT,PSDB,2º turno,2º turno,24.353,65.713,132.739,"18,35","49,51","-31,16",-41.360,697.078,"0,45%",0.45,O Exterior tem 697.078 eleitores em 2022,"Isso equivale a 0,45% dos eleitores do Brasil"
2014,2,2º turno,-,ZZ,-,Exterior,Dilma (PT),Aécio Neves (PSDB),Dilma,Aécio Neves,PT,PSDB,Eleito,Não eleito,31.059,104.121,135.18,"22,98","77,02","-54,04",-73.062,697.078,"0,45%",0.45,O Exterior tem 697.078 eleitores em 2022,"Isso equivale a 0,45% dos eleitores do Brasil"
2018,2,2º turno,-,ZZ,-,Exterior,Fernando Haddad (PT),Jair Bolsonaro (PSL),Fernando Haddad,Jair Bolsonaro,PT,PSL,Não eleito,Eleito,53.73,131.671,185.401,"28,98","71,02","-42,04",-77.941,697.078,"0,45%",0.45,O Exterior tem 697.078 eleitores em 2022,"Isso equivale a 0,45% dos eleitores do Brasil"
2018,1,1º turno,-,ZZ,-,Exterior,Fernando Haddad (PT),Jair Bolsonaro (PSL),Fernando Haddad,Jair Bolsonaro,PT,PSL,2º turno,2º turno,19.54,113.69,193.381,"10,1","58,79","-48,69",-94.150,697.078,"0,45%",0.45,O Exterior tem 697.078 eleitores em 2022,"Isso equivale a 0,45% dos eleitores do Brasil"